_The_VeLouR_FoG_,4
AutoModerator,4
cbolser,3
Lonhers,3
sneakpeekbot,3
zodar,3
ZenithDaCretan,3
Captain__Zanzibar,2
Scribblebonx,2
Pwnysaurus_Rex,2
WafflingPCBuilder,2
null-null-null-null-,2
lawble,2
WK--ONE,2
InsertCoinForCredit,2
FountainPenandInk,2
happygamerwife,2
like_a_woman_scorned,2
ShawarmaBaby,2
spwicy,2
TheBlackBear,2
thewonpercent,2
guzman_hemi,2
theseekerofbacon,2
pyridae,2
TOV_VOT,2
recyclopse1,2
IOnlySayMeanThings,2
ch57113,2
varmik,2
delitomatoes,2
WhoWantsPizzza,2
masonjam,2
Toxic_Don,2
AnimalRescueGuy,2
brando56894,2
ImmaCallMyN66ABovice,2
SemperScrotus,2
nope_it_aint_me,2
wheatbread-and-toes,2
rkdaddy,2
Thanos_Stomps,2
Doby_Clarence,2
mohammedibnakar,2
PM-ME-CHARLIE-BROWN,2
CT_7,2
ticktockchopblock,2
Viva_Uteri,2
CarlSpencer,2
LaSageFemme,2
markevens,2
Lallipoplady,2
gekisling,2
AnAccountAmI,2
tinkywinky1655,2
BadDadBot,2
SuperWhiteAss,2
likatika,2
xTGI_CommanderX,2
BFG-10000,2
GenevieveLovesjoey,2
bellarexnalajon,2
pickelrick_,2
annoying_DAD_bot,2
zangor,2
LadyRarity,2
Klaudiapotter,2
pmw1981,2
i_fuckin_luv_it_mate,2
-eDgAR-,2
Maine_Coon90,2
philbagg,2
HailToTheThief225,2
ImRevers3Giraffe,2
kobelang,2
SuddenTerrible_Haiku,2
dogdogdogsquirrel,2
grendus,2
oh_look_a_fist,2
carljung101,1
hypatiaspasia,1
ThatAintBrutal,1
pattywacker3000,1
Life_in_a_Box,1
Free_Rick_Sanchez55,1
Jinsto,1
shaka_bruh,1
louken15,1
clickerroy,1
PastelSprite,1
CubedCid,1
ThisLittleSnowflake,1
Lalaladoom,1
Infinite_Mobius,1
Island_Shade,1
MAD_SAUCE,1
nightowlnutter,1
HellSpawne,1
redlipsblackdress,1
squirrelybitch,1
owllambgirl,1
GraceInAMug,1
tibbormagnifico,1
uhhYtho,1
Heart-Bubbles,1
WordstringNumALLCAPS,1
ForEveryHour,1
jellybutt789,1
yut_right_ok,1
sheisken,1
comicalqueen,1
cavejack,1
KansanLesbian,1
drpeepa,1
ExternalStress,1
CANNIBAL_M_,1
ApneaAddict,1
almostworkinggal,1
SunnyDJoshua,1
78joey,1
chartcry60,1
ghouleda,1
thawfose,1
some-canadian-kid,1
AccountToVent_92,1
tigershark72005,1
_Leann_,1
sirtreeface,1
cimbelina,1
AryaShay,1
alvarofalkov,1
amberalpine,1
sjsp15,1
Thezombielord47,1
BannedLastTime,1
Myfairladyishere,1
1241308650,1
DontDieN8,1
jordyshordy22,1
dreammints,1
butterflyfrenchfry,1
baba123420,1
diamondscut,1
tyngerine37,1
theliberated1,1
didyoutouchmydrums,1
kkofii,1
idkwhattonamethis21,1
CaRiSsA504,1
MajesticFlapFlap,1
Falcon_Gray,1
alexgv08,1
LostInAMazeOfSeeking,1
chick3ns4ndwich,1
buckdumpling,1
SlaskusSlidslam,1
juwakaw,1
lee0017jr,1
william_wites,1
BlaQ_Squidyy,1
MisuCake,1
reddron-,1
SyzygyDarklock,1
maniacalrevelations,1
do_Zy,1
sjs2,1
SoulSapiency,1
xAsianZombie,1
Aimz1130,1
ThatLothusGirl,1
badminmom,1
DemiGoddess001,1
DcGrimeKid,1
xdecadent,1
listenbuddy125,1
throwawayyyy12335,1
kiddomama,1
nokneeAnnony,1
viktorknavs,1
daywall,1
Lilly_the_Artic_Fox,1
slimjoel14,1
ronnate,1
deadmemeformats12,1
Fake_Credentials,1
animalsmzseven,1
kuroakela,1
mattybanatty,1
HeHeWaa,1
f0e_paw,1
talizorahvasnerd,1
Kodahuskie,1
6531294029,1
JoeyTapes,1
Samuurai,1
insomniac20k,1
Moonchild924,1
K-MAC323,1
losfjfuhehv,1
anemikk,1
TomZAs,1
MrMoroto,1
just_an_ordinary_guy,1
mild_scam,1
-Unogasm-,1
PandaCityWhore,1
Knalg,1
anti_ant,1
kiiller1992,1
fuckboystrikesagain,1
demsyboy,1
Chevaster,1
drosser,1
KaleSmoothie45,1
KnownMonk,1
racingbarakarts,1
TaSc10,1
helloguys12,1
GlitchyToast,1
jhaji09,1
QuesoBasically,1
Aikistan,1
Sillywells,1
Earth1960,1
Kolya_Daemon,1
sirble,1
Tank-Tanglefoot,1
Freddie_AppsHero,1
z500,1
zhxwn,1
AtomicKittenz,1
_Benny_Lava,1
valkyrie_village,1
stifflizerd,1
iamonlyoneman,1
KnightSaziel,1
Telemetria,1
King-Jimmy,1
PhatNutzMcsucc,1
Overthinkingfreedom,1
mysterytea,1
Poilk07,1
TvXvT,1
Scarbane,1
ARC-Trooper-Colt,1
brooklynscholar,1
2001ws6,1
RockSaltAndNails,1
Lost_City_,1
Youkindofare,1
xboston,1
SlipTek_,1
rabidhamster87,1
pm_boobs_send_nudes,1
BlooFlea,1
MarkTwainsPainTrains,1
rifn00b,1
krashmania,1
mirnos,1
MauginZA,1
tadhgthegiraffe,1
xScopeLess,1
echo1956,1
banana_muffens,1
CageAnElephantPLZ,1
Zaptagious,1
Osa_26,1
SelarDorr,1
SchittyMcTimbers,1
HerbalTeaParty,1
flyxdvd,1
Naptownfellow,1
UntamedBrain,1
SpamShot5,1
cbsx01,1
kumarFromIT,1
feierlk,1
Wrpy,1
somedudethatlikesjoj,1
anoninternetguy,1
RedHood-Reddit-Needs,1
SchnoodleDoodleDo,1
FishfingersUnited,1
StickyRiceLover,1
antonimbus,1
Juicyredonion,1
EnergyTurtle23,1
spritebatch,1
mbbedwellart,1
FUrCharacterLimit,1
dontPMyourreactance,1
czorio,1
ReservoirDog316,1
KushKlown,1
obie1toomany,1
marsuonparas,1
kinghippo79,1
Hombre520,1
Chewmungus,1
GuyGamer133,1
Lesrek,1
SeaTwertle,1
xSoupyTwist,1
tj3_23,1
nooneisanonymous,1
TriTexh,1
comuloid,1
-cool-guy-,1
Zay_Pixelated,1
AmazingSpacePelican,1
DrowningInMyOwnLies,1
Dev223,1
TheRealMylo,1
FailedSociopath,1
theflyingjib,1
ARedditPupper,1
BloodGulchBlues37,1
carolineo,1
oppaxal,1
nofap2010,1
plattypus141,1
quixoticopal,1
PM_ME_UR_REDDIT_GOLD,1
MarvinGarbanzo,1
AntonRX178,1
grey_rook,1
TychaBrahe,1
the_friendly_one,1
SpookyLlama,1
Momo0903,1
JohnnyN0Cash,1
mayaxs,1
Digital_Fire,1
Presuminged,1
tabber87,1
fxhpstr,1
903jmoney88,1
AbsolutelyUnlikely,1
AncientSwordRage,1
Att1cus,1
ThomasCrown001,1
Japanophiliac,1
Willluddo123,1
squirrelkicker16,1
ishegg,1
Gmedlin90,1
sushil33t,1
CowTusks,1
imreallybadatJS,1
OliPark,1
Jura52,1
sheldon_michaels,1
hattycw,1
kingshamroc25,1
TheUnbiasedRant,1
KaydenD10,1
lexfry,1
Axer9032,1
TheMeatballMan555,1
BigBoz,1
AlRokurrr,1
zachbullcock,1
KingKongBrandy,1
Dextrofunk,1
Cack_n_balls,1
MisunderstoodBumble,1
DmSawzuk,1
HarrisonM115,1
happyrainbowkiwi,1
theperezident81,1
Garphubache,1
thatmetimmay,1
ThePackMan17,1
Virtual_Labyrinth,1
Untouchedspace5,1
Bhantl01,1
SasparillaTango,1
TheGameIsAboutGlory1,1
-Socially_Awkward-,1
Despacito20,1
TheRandomGamerDude,1
Molkavi,1
AdamNoHablo,1
OVOXO_TWOD,1
xxBobaBrettxx,1
kestin46,1
BennaSavage,1
mahade,1
Kcswang,1
avicioustradition,1
randomizeplz,1
ajs2294,1
enquiringtech1,1
dhruveishp,1
Deafiroth,1
wolf_lq,1
fuckareyousaying,1
tchiseen,1
bruhmoment123456789,1
Dylanator13,1
MasterAlcander,1
NewZeaKiwiLand,1
Alfaunzo,1
PKMNTrainerMark,1
LlamaramaDingdong86,1
DeakonDuctor,1
perusingpergatory,1
imextremelylonely,1
thesaltysquirrel,1
LazyKidd420,1
ShitFacedSteve,1
Shaggy_AF,1
AdministrativeHabit,1
knowwonder,1
youneverjustflex,1
VAG0,1
Chaos2Master6,1
BabyTheImpala,1
sk3tchers,1
johncopter,1
phatdaddy_bootymagic,1
LuNiK7505,1
sarcasticlies,1
Dektarey,1
Warkitz,1
BrentStephen75,1
Motorvision,1
MS_L1138,1
FGHIK,1
nouseforareason,1
depingaviejo,1
koeleskab,1
Life_is_fleeting,1
Tsula_2014,1
boblasagna18,1
Liamujahid13,1
twinsfan94,1
Kevinlin0711,1
morrisseys,1
theycallmeLITTLE,1
aluminum_lizzard,1
whitt_wan,1
HalfVortex,1
Carlyndra,1
endoflineprod,1
UnbidOmnivore,1
Stobbor,1
MasterOfDerps,1
Nosafune,1
Atheist_Mctoker,1
ReddGoat,1
KaponeOwnes,1
zombiecookie8,1
someguy50,1
spectacular-,1
Rbkelley1,1
frecklesandgegs,1
triplej909,1
Ralphiix,1
globalwankers,1
ieatkittenies,1
Diplodocus114,1
Factual_Discord,1
pballer2oo7,1
BlazeFenton,1
danmanne,1
Maaaaate,1
Oi-FatBeard,1
LaMortParLeSnuSnu,1
ConkerBirdy,1
Hans_downerpants,1
CBDraper,1
BaKdGoOdZ0203,1
bryan2384,1
lowres_pleb,1
JurassicParkGastown,1
Jwalla83,1
SwansonHOPS,1
Rooshba,1
CertifiedMoron,1
roostwrinchains,1
Doolander,1
Valley_Rat,1
eXpEnSiVe-MaCaW,1
DeeSnow97,1
HeyItsChase,1
Gbiz13,1
CranberryVodka_,1
Th3Gr1MclAw,1
GalacticGrandma,1
trustmeyeah,1
MissCandid,1
TaylorKristen,1
Mulletman262,1
mrsqueevoot,1
krkzrm,1
RH734,1
omgredditwtff,1
Jonbreezy,1
Nice_Try_Mod,1
LittleFroggyy,1
FurnishedHotdog,1
destirino,1
Jazjo,1
yokobono,1
nurimoons,1
PM_me_the_essentials,1
StuckInAtlanta,1
howboutugofuckurself,1
roggy999,1
US-person-1,1
MClark40,1
chippychopper,1
CardinalNYC,1
Password_Is_hunter3,1
Wow-Delicious,1
Vault-Tec95,1
jusalurkermostly,1
Zooties_Cafe,1
projectreap,1
SluggaSlamoo,1
MultiAli2,1
ecab31,1
Muroid,1
redd1t4l1fe,1
Peeto87,1
dboanimation,1
Muter,1
I_Bin_Painting,1
-further-,1
Gladplane,1
Frobulator,1
Yvaelle,1
rush89,1
EuropaJoe,1
coolowl7,1
ahalleybear,1
Rose94,1
Schrutes_Yeet_Farm,1
zachaburgers,1
LordCharco_iii,1
breezyseasons,1
Lolor-arros,1
Lordborgman,1
FallenXH2,1
PandaBearWithATaco,1
GetShreked93,1
165110512042019,1
WolfLawyer,1
Livingston_117,1
Wezle,1
fishfashe,1
HAL-Over-9001,1
LegendoftheVoid,1
Chugger04,1
TodayILearnedAThing,1
Truly_Cynical,1
MeInMyMind,1
paddzz,1
c4m31,1
IntrusiveIndustries,1
AussieEquiv,1
AnOnlineHandle,1
fitfreakgeek,1
biggestredkangaroo,1
Pony_Zilla,1
Straziilgoth,1
ninth_reddit_account,1
Ax_Dk,1
LordNosaj,1
karil_,1
wf3h3,1
diegoNT,1
Revliledpembroke,1
Tovora,1
hunky,1
Chet_Awesomelad,1
stinamitchell,1
junkie_ego,1
Texiun,1
darthflipflops,1
Crazy_Kakoos,1
Dr_Jewish,1
poor_word_choice,1
Talcxx,1
Voodoobones,1
whistlar,1
Dustin_00,1
erinthecute,1
hleba,1
MontanaLabrador,1
ollie-199747,1
AlmoschFamous,1
cannotrememberold,1
JMHSrowing,1
Nunya13,1
DriedMiniFigs,1
CarrowFlinn,1
RecentSoup9,1
PinkSockLoliPop,1
darybrain,1
JERUSALEMFIGHTER63,1
RogerSterlingsFling,1
GenuineSnakeOil,1
Lost_and_Profound,1
imunique1543,1
cheesebiz,1
StupidQuestionAskers,1
ShawnShipsCars,1
ItsUnderSocr8tes,1
mugbee0,1
choose-usernamee,1
liveinthesoil,1
malten_sage,1
leaguestories123,1
CuboneTheSaranic,1
LameNameUser,1
Svcya,1
FortySixandTwoIsMe,1
TenTails,1
cayenne-bee,1
firesquasher,1
Jmmcyclones,1
PmintJim,1
GrimmFox13,1
Svenness_,1
A_SassyOtter,1
Rengiil,1
Plumage07,1
crispychoc,1
randomusername3000,1
liz_lemon_lover,1
supershinythings,1
foxxsinn,1
Frodojj,1
Albeezy1r,1
alma_perdida,1
Kevycito,1
FierceTierce,1
Wait_What_Happened,1
ToastedHunter,1
mxmissles87,1
DMPsailz,1
shoopvedoobop,1
TreesnCats,1
Reddituser8018,1
dedub2011,1
Young2Rice,1
PlayfulIllithid,1
Pollywogstew_mi,1
Bromidious,1
Vulkan192,1
vicerowv86,1
nukegod1990,1
booooooglooo,1
dont_read_into_this,1
CrookedMailman,1
crazysquaregamer,1
I_Pieinator_I,1
Dan_IAm,1
TheSolarian,1
FuriousDM,1
Barsattacks,1
CantStandIdoits,1
poolmanpro,1
ThatNiggaMcGhee,1
BobsBarker000,1
frick-you-fricker,1
handlit33,1
ADuckOW,1
hatchetthehacker,1
brandonarreaga12,1
cooxymusic,1
Lolotte2Tahiti,1
starbearer92,1
Miss_Southeast,1
mermaid_pinata,1
vicariousgluten,1
HarleyShep,1
cupicake,1
yeinenefa,1
FlingingDice,1
willdieinsun,1
ApplesAnonymous,1
MalkavianKitten,1
puppiesgoesrawr,1
happysnappah,1
darksun05,1
EchoKitty1023,1
Catsateherface5987,1
pandakins369,1
Feibian,1
comfort_fiend,1
NextLevelNaps,1
marialunita,1
FrolicWithWenches,1
LaurenNumberOne,1
jestica,1
8Bells,1
ZT2Cans,1
indighostie,1
EstrogenAmerican,1
ADapostrophe519,1
hidinginyourtrunk,1
Gizank,1
Gileain,1
ColourfulConundrum,1
MiniTiitan,1
SumptinWitty,1
Ltknits,1
RavBot,1
KnittingFool15,1
neotsunami,1
Eddy_Bunjee,1
julesthecrazycatlady,1
CyclicDombo,1
Grotlingen,1
plutonicxx,1
moohooman,1
P_Firma,1
ZEDFRA,1
TheAlgebraist,1
MemeGodAshton,1
escapistnet,1
mrmonkeypbbt,1
Dmahmoo94,1
ayrubberdukky,1
Copa56,1
fbzarraga,1
angleon_xenn,1
riahriahm,1
Csquared6,1
RadioSurge,1
HLH_Sickosaurus,1
YouCanjam,1
copo31,1
beezywee,1
Ubertwedo1,1
whitecloud197,1
sconzabons,1
Geimtime,1
GrumpyOG,1
morgan1027,1
TBeard1914,1
carsonfrench,1
saalih416,1
hummingbird1969,1
HALOISBEST20,1
deluxe186,1
PM-ME-YOUR-POUTINE,1
sealamb1,1
MicrowavedMeals,1
wonderpiffle,1
serpentjaguar,1
sweetdreamgrly,1
bumblebeetuna1987,1
Ben-Shapiro420,1
D3v1n0,1
Lemmetouchyourface,1
thirtysev,1
Matthew0275,1
aiidaanmmaxxweel,1
epicbigc13579,1
MountainDou,1
pbjelica23,1
KPASIECZNIK,1
fawazx507,1
richardlrh,1
1_depresso_1,1
Neko-Lover,1
322dank,1
Alluhsnackbar911,1
happyhermitdude,1
DaringHardOx,1
robcale3,1
Marcusklad,1
most_moderate,1
AceIsStupid,1
priscillahernandez,1
Glaive_Runner,1
MyDogFanny,1
joelcruces20_02,1
kingmoose666,1
maureum,1
stealthyninja73,1
BroDr1,1
Garry__Newman,1
IncenseIsUnderrated,1
BlackLifeP,1
Beaches654,1
OneCoolDaddyO,1
mapleaugarfairygod,1
FaithBlackshadow,1
darkpixelftw,1
Sir-Mattheous,1
Charon711,1
PersonaSushi,1
dudeCHILL013,1
Wabutan,1
trashdot,1
Oatsausage,1
zxim,1
Imawildedible,1
CanadianAstronaut,1
YU5AKU,1
jte564,1
samanthap--marvel,1
KingCwispy,1
frostmasterx,1
MyMola,1
JadedByEntropy,1
zootskippedagroove6,1
Siachae,1
flyingwino,1
zerhanna,1
satelitko,1
Ct9569,1
AnreginaUmbraia,1
Hatpojken,1
evil_lobster,1
SixCatsInAnAlley,1
w_isforweloveyou,1
prince-regent,1
King_corral,1
OrdinaryWheel,1
ThreeMysticApes,1
arbor52,1
Uchihamaki,1
Dom2474,1
DatBoi91144,1
krynategaming,1
Anachron101,1
sneaky_lemurs,1
the-real-mccaughey,1
HueTitle,1
BabiesCatcher,1
thefutureistom,1
imoutbruh,1
shirleygay,1
KhajiitHasEars,1
-pizza-cat,1
TheDoktorIsHerr,1
Cawnor_,1
WeatherfordCast,1
MarlinMr,1
SkinfluteSanchez,1
probablypoo,1
kaigreenesleftnipple,1
coolfieri,1
Sjaplain,1
EmhyrvarSpice,1
OffManWall,1
the_caroliina,1
Shaneaux,1
caring_impaired,1
lunatic_in_the_hall,1
cels0_o,1
Orisana,1
Arteliss,1
Fr3nch1eeee,1
monster_bunny,1
thecatspyjawmas,1
systemfrown,1
pumpkinspiee,1
daaabears1,1
jflan44,1
craftyindividual,1
weedysexdragon,1
painterandauthor,1
yourturntopeg,1
ReedRhymesWithWeed,1
Chabazz,1
browithabird,1
pm8938,1
SuperooImpresser,1
Tenmapillar,1
ProximaC,1
Pancake__Prince,1
TYRION_LANNISTER46,1
CrimsonHighlander,1
dznqbit,1
DirtyBalm,1
shirev,1
Balgur,1
girlMikeD,1
whateverqcvgtxbny,1
RagnarThotbrok,1
UmmWaitWut,1
ursakitty,1
Rmmc1203,1
puffybobjo,1
leighgriffithsismyda,1
Watchkeeper001,1
Jonny_Challenger,1
Claytronic,1
RhymesWith1shot,1
dirtyrdhtmama1974,1
Krysie_,1
Faugh-a-Ballagh,1
pinchitony,1
slingerg,1
toketokensen,1
frankthetank8558,1
amerikaninjunwarrior,1
white_android,1
kharmatika,1
Trypophobian_exe,1
Dw1ggle,1
Sandy_brothman,1
CoolerRon,1
breastmilkallday,1
mistyorange,1
CasuallyUplifting,1
A_Light_Spark,1
_ChestHair_,1
HungryDog1515,1
rougecrayon,1
EdwinSt,1
Jmsnwbrd,1
QueenToasty,1
steampunker13,1
zboi8008,1
swissless,1
Batchet,1
Sassh1,1
Harold_Grundelson,1
Stos915,1
BlackVelvetElvis,1
TheBigSmol,1
NormalSteve11,1
Master1718,1
leeleechickadee,1
Bji_bji,1
Maguffin42,1
StraightMacabre,1
chuckdeez10,1
Painted_J,1
Eric_Cartman-_-,1
biiiigbiiiiirddd,1
ddagen1,1
lordg0dfrey,1
Nova-XVIII,1
AngryDriver69,1
CommanderCody1138,1
lfaoanl,1
aybbyisok,1
lbobbitoa,1
twizzley1,1
Thegreenmachine801,1
ishr5913,1
CJamT3,1
frolickinghobbit,1
kuc6708,1
Reedrbwear,1
Ohsoeasy,1
ttnorac,1
Friesnplanerides852,1
brb-ww2,1
equlrightsequlfights,1
CreatrixAnima,1
MrDonello,1
UnforeseenBreach,1
breezybreathefire,1
rutroraggy,1
XwhatsgoodX,1
hollytot,1
Tuloom,1
kekejaja,1
Insanity_Troll,1
AlexProasheck,1
silvermoon26,1
logicandstuffkinda,1
CrashedonMars,1
rainyforests,1
perpetual_nom,1
bears_eat_nazis,1
icewalker45,1
MinistryOfBureaus,1
CapnC44,1
EmperorOfCanada,1
theblake1980,1
Irredeemable_Garbage,1
BigAnimemexicano,1
TwerkIt_WerkIt,1
Ojirus,1
Zer0X02,1
kope4,1
Lucifronz,1
The_Seerion,1
SSA78,1
Call_me_Grace_,1
IllinoisBroski,1
sausageoption,1
PM_ME_BIRTHDAYS,1
odddino,1
jackpaice,1
JamianX,1
Utherrian,1
Howdysf,1
Peureux79,1
AmericanMuscle4Ever,1
Calibased,1
alja1,1
jeffzebub,1
Norch0811,1
RoanokeGamingYT,1
ctrobogeo,1
gknight702,1
tnt33578,1
MarLuDaKang,1
WanderingWino,1
gazastrippa,1
DREW390,1
HarveyMushmann2,1
WarmBeans2,1
anafeen,1
_Cchandler_,1
bbhgffcvjjkj,1
danonredit,1
ej23,1
girdwood_AK,1
Brucenchas2,1
earthlyfellow1,1
calladus,1
LilSmthn27,1
MysteriousFlower69,1
Snake62Plissken,1
Matts0,1
ProffesorSpitfire,1
yIdontunderstand,1
adreddit298,1
AvailableTrust0,1
rohrschleuder,1
Dammination_11,1
ladyaei,1
zapembarcodes,1
CyrexPlays,1
GumbyRustcloud,1
Its_Jacob_Bitch,1
booknerdgirl13,1
Smokeydodge,1
Mimikker,1
mademoiselle_mimi,1
bingobong012345,1
APComet,1
Mldavis22,1
notorious-bil,1
usernametakin68,1
willseagull,1
lKyte5,1
k_ing_lucas,1
mmilthomasn,1
ladylinnaeus,1
waldodabz,1
Saltire_Blue,1
Kevinmc479,1
-FrankSriracha-,1
ilovehockey8,1
vmcla,1
fladawgs,1
lookaname,1
stugots,1
RADMFunsworth,1
rhd420,1
33birdbrain,1
Flufflybutton,1
timpren,1
horsesaregay,1
fuggyourgavel,1
dusteeoldbones,1
vVvMaze,1
PristineUndies,1
howmustigrow,1
blindfoldpeak,1
acinohio,1
qiuckdeadicus,1
Mbedner3420,1
Bibur-,1
TaxThrCisgender,1
atb12688,1
westlib,1
hotdiggitygod,1
yeahrightpeter,1
Hanglooseblood,1
OKFisherman8,1
whatsqwerty,1
Weevilsith,1
SeperatedSleight,1
YouCanPrevent,1
FallenCypher25,1
colbyxclusive,1
griffcon,1
dog_in_the_vent,1
TheWillOfAmerica,1
swalkers1,1
S1lchasRuin,1
Ewok213,1
atb0rg,1
XxBlack_DiamondxX,1
FaThLi,1
skiing123,1
aminobeano,1
mfGLOVE,1
L1l_ZeR0,1
minicpst,1
Destado1,1
whiteknives,1
SMc-Twelve,1
FruitBowlloverPNW,1
Mordarian,1
midlife_slacker,1
qwerty30013,1
Enthused_Llama,1
higherbrow,1
Drujeful,1
Nillion,1
Doriantate,1
HopeDeschain19,1
elamothe,1
evilhamstermannw,1
Filangie,1
juicepants,1
aiandi,1
heavymcd,1
theknockbox,1
tangerinesqueeze,1
thatoneguydudejim,1
WannabeMoonKnight,1
PurpleBirdie27,1
Chicken-n-Waffles,1
tBroneShake,1
loudsex,1
goodwillbikes,1
DecentPlate,1
ATX_gaming,1
SlickBurn,1
GoodBadBot,1
katycoombs,1
KindaANoob,1
ScruffyTJanitor,1
MojoJoso,1
DustinTWind,1
ScottySmalls25,1
ghintziest,1
Themattman77,1
RachelSambr,1
frank_buttons,1
Phoenix_Alpha,1
_metapixels,1
blue_crab86,1
ARandomHelljumper,1
JustDontSayIt,1
Jump_Yossarian,1
StravickanChaos,1
Billy_Bob_Joe_Mcoy,1
betterkepsecret,1
teamramrod456,1
ProfBunimo,1
your_not_stubborn,1
Jdw1369,1
Quobert,1
davidtco,1
Krall12,1
16semesters,1
ZeeExplorer,1
AndYouThinkYoureMean,1
Machinedave,1
thelvegod,1
OuterSpacePotatoMann,1
mynameiswrong,1
FauxReal,1
icecadavers,1
Naerwyn,1
lizwiththedreads,1
DirkDiggler_Chiraq,1
SituationCornflakes,1
yippeeykyae,1
peeehhh,1
Brilliantchick1,1
TenTolas,1
creeping_doom,1
ITMORON,1
PM_TITS_FOR_KITTENS,1
Turdinamicrowave,1
MituKagome,1
GaylrdFocker,1
rabertdinero,1
IllSumItUp4U,1
BQJJ,1
JoanieHolloway,1
the_good_hodgkins,1
theresamouseinmyhous,1
brokencompass502,1
Aotoi,1
joey133,1
lannech,1
Valaramech,1
tacticalBOVINE,1
cowboythrowaway99,1
lightningdeathbear,1
Armantes,1
FreudsPoorAnus,1
TheFilthiestCorndog,1
AspectOvGlass,1
z0mbiemechanic,1
nicagooner,1
pdxscout,1
myCatHateSkinnyPuppy,1
wheremytieflingsat1,1
Haedriel1987,1
1stWorldAnarchy,1
I__LOVE__LSD,1
dexx4d,1
efnfen4,1
bucudufuguhu,1
Christoh,1
RoundOSquareCorners,1
clearly777,1
TheCockMeatSammich,1
YaBoiMoonman,1
LaidUp,1
gotham77,1
tpodr,1
tyrannosaurus_reznor,1
lightofthehalfmoon,1
-ishouldbeworking,1
DocFail,1
An_Old_IT_Guy,1
A_S_M_,1
SpitefulShrimp,1
Jamzkee84,1
RabbitHoleSpaceMan,1
swedej19,1
00plants,1
KidFromDudley,1
Hamrave,1
Ohmec,1
idiedforwutnow,1
Cephalopod435,1
IngenieroDavid,1
Ghost-Of-Nappa,1
12sGirl89,1
LiquidMotion,1
BardleyMcBeard,1
IrishWeegee,1
AlterAlias1,1
ReverendMoist,1
ImpishManatee,1
kevinstrong12,1
blackwater_baby,1
yukichigai,1
scriggs_mcnilla,1
GhostWrex,1
Releaseform,1
2Cosmic_2Charlie,1
Shagaliscious,1
just_some_guy7382,1
MilmoWK,1
Terran5618,1
circadia19,1
TJ_McWeaksauce,1
BWWFC,1
udidubbun,1
mydogwasright,1
MyModernLife411,1
dahamsta,1
Peaurxnanski,1
lonelygalexy,1
ManboobsMcTasty,1
soggyballsack,1
SaucedMeatball,1
AudibleToots,1
Farmingtonnewb,1
LemonLimeAlltheTime,1
MisturDust319,1
Mug_Lyfe,1
somebody12344,1
ambivalentAl,1
easytokillmetias,1
Illegals_from_LA,1
Whimpy13,1
YourphobiaMyfetish,1
ulobmoga,1
jazino26,1
im_a_zoe,1
movzx,1
CyanideIX,1
Char1ieA1phaWhiskey,1
GambettoMio,1
GWS1121,1
BiCostal,1
TakingItOffHereBoss,1
weirdflexbutokhunny,1
berserker13,1
MediocreDungeonMastr,1
_YouDontKnowMe_,1
BreadyStinellis,1
almir1,1
xxKiMJonGoonxx,1
Blitzedkrieg,1
99_other_accounts,1
yamotha666,1
Alertcircuit,1
cbftw,1
Sophist_Ninja,1
grock314,1
IsitWHILEiPEE,1
DiabloOrNoDeal,1
disc0mbobulated,1
mymumsaysno,1
danielle-in-rags,1
do_pm_me_your_butt,1
CoyoteDown,1
Killersmiley96,1
StonedAlbatross,1
luxurycrab,1
Beardgardens,1
Shaking-N-Baking,1
ShadowMerlyn,1
Daniel-Graham643,1
theWet_Bandits,1
BIT204,1
c-sound,1
Jesterio-oiretesJ,1
lapinatanegra,1
trevordeal,1
Shamuthewhaler,1
purgance,1
ZippoS,1
Daemeos,1
ptaskas,1
Satevo462,1
AngelicPringles1998,1
cmt0726,1
Ooheythere,1
thatG_evanP,1
Virtusvitium,1
ginger260,1
Semper_Eadem_86,1
Chewysleeps,1
Obizues,1
Hayden_Windsor96,1
ModestRaptor,1
toothpick21,1
JacobLemongrass,1
TxSaru,1
ManateeFlamingo,1
ThePerfectLine,1
Pteromys44,1
Dudley_shale,1
smolqueerpunk,1
Thegoldengish,1
Tigers19121999,1
StonedCrone,1
El_Zapp,1
Mdrummey,1
PursuitOfMuchness,1
Mandalre-MW1,1
fuckmylife4life,1
donebeenforgotten,1
jones1133,1
Inconsistentency,1
Throwaway19171949,1
bootsncatsnbootscats,1
CrowTRobot_SoL,1
barbaranana57,1
Leo_Magic,1
johnnymillion,1
vferrero14,1
a_fly_effect,1
clamberrypie,1
Orodreath,1
K_O_K13,1
malcontentish,1
anonymous_212,1
Spheresdeep,1
murkfury,1
ldsracer,1
Cilantroduction,1
Christofornia,1
K_boring13,1
hezwat,1
BabserellaWT,1
FoximaCentauri,1
GJacks75,1
RandomGuyWithPizza,1
3Cheers4Apathy,1
therinlahhan,1
pongmagic,1
Treshnell,1
Seranfall,1
privatepecker2,1
traptito,1
ModestMed,1
MotherofHedgehogs,1
catfarts99,1
MakinH8Inc,1
EmmalouEsq,1
YourDrunkle,1
NotLegallyBinding,1
gregthelurker,1
CrabbyBlueberry,1
andeqoo,1
Mr_Bunnies,1
nateryland,1
FleaBottoms,1
Osimadius,1
cant_keep_doing_this,1
fake_fakington,1
jsix311,1
prod_guy,1
randiraige,1
Deer_Abby,1
MrCaspan,1
uss_skipjack,1
lonelady75,1
KaladinStormShat,1
plan_with_stan,1
TheGerrick,1
BernieRuble,1
cindad83,1
ItsJustATux,1
TheEndx007,1
happy_beluga,1
mindluge,1
joeyjoejojamesjunior,1
brassmonkie,1
bellapippin,1
SuperFuckinPissedLOL,1
DirtyDumbAngelBoy,1
grimmz77,1
smokinbbq,1
Riversmooth,1
superdalebot,1
Aggressivecleaning,1
idrinkdesperados,1
InstupituousJay,1
Huntanz,1
ValentinoMeow,1
DwasTV,1
SunMoonTruth,1
anotherguy252,1
caffeinepulse,1
nanocactus,1
DavidJayy,1
sneakyuntiedsneakers,1
SirRippem,1
PatMyHolmes,1
grimbo_,1
Fook_kneelers,1
SouthernFuckinBelle,1
Bockon,1
nmhnmhnmhnmh,1
Peace_Love_Rootbeer,1
EhhRicky,1
wiarumas,1
amateurstatsgeek,1
PeverseRolarity,1
Br0okielyn,1
alrightythens,1
pm_me_all_dogs,1
Momochichi,1
thefalseidol,1
Doonyal,1
Aarongamma6,1
D5quar3,1
oldGilGuderson,1
Franks2000inchTV,1
Rum____Ham,1
Hitler__Official,1
BillTheNecromancer,1
MrGestore,1
Llamada,1
BabyImafool,1
rmslashusr,1
_TerryMcGinnis_,1
Maxiflex,1
Fnhatic,1
GO_RAVENS,1
A_Rampaging_Hobo,1
sierratangocharlie,1
badabingbadabang,1
DerMossinator,1
BananaNutJob,1
CajunCoder,1
LeafMeatAlumn,1
Cushak,1
EvryMthrF_ngThrd,1
YT-Deliveries,1
kittybanditti,1
Hermetic-Chaote,1
burgundy_wine,1
thevvhiterabbit,1
bluefootedpig,1
TriadTrees,1
_kaetee,1
skatenox,1
CaptainHarleyStorm,1
Wedgenet,1
ellayelich,1
Erick_Swan,1
DoozeyDouche,1
Analrapist03,1
iWearTightSuitPants,1
Nomandate,1
rarapatracleo,1
Rhymeswithfreak,1
Blacky05,1
ElBiscuit,1
Halbertos,1
musicaldigger,1
CFSohard,1
1Deerintheheadlights,1
papagarry,1
nope_and_wrong,1
Taileile,1
chasetheusername,1
Siray,1
afadedgiant,1
Sperkoodled,1
AsperaAstra,1
Helpfulcloning,1
sting2018,1
darthurphoto,1
Huwbacca,1
Etherius,1
Witherkay,1
Voodoomania,1
zeropointcorp,1
Yatakak,1
wookeywook,1
i-hate-most-people,1
Orinaj,1
GoldenGrendel,1
AlexandersAccount,1
trodat5204,1
PrehensileUvula,1
Kaiisim,1
babwawawa,1
schpaksie1804,1
CrimsonBolt33,1
_TRE45ON_,1
BecomeAnAstronaut,1
TeopEvol,1
RaddBlaster,1
MJOLNIRdragoon,1
Thesem0dsareass,1
desull,1
magicomiralles,1
BBColorado,1
lostprevention,1
greengravy76,1
Sezrekahn,1
constantvariables,1
thurstylark,1
Spruill242,1
mr_punchy,1
StressGuy,1
jeffjeffersonthe3rd,1
TheEmsworthArms,1
willmcavoy,1
dnddoodooheads,1
enragedstump,1
LadyRimouski,1
ReanimatorLove,1
mysophobe15,1
ipoststoned,1
smokedspirit,1
kDa85,1
steamplshel,1
PantsuitNixon,1
muffy2008,1
db214,1
KatefromtheHudd,1
equalsolstice,1
new_account_5009,1
BlorpCity,1
Bagoomp,1
Juanga07,1
mylifeforthehorde,1
Columbia82,1
jlgg46,1
pmsnow,1
twofedoras,1
SurlyRed,1
KyloWrench,1
IghostedJesus,1
bionic_cmdo,1
socsa,1
Aos77s,1
neonnice,1
udyd,1
CaptainAwesome06,1
AdrianArioch,1
nomeansnolol,1
smegroll,1
Haunted8track,1
VintagePoet82,1
Jesse1205,1
12thman-Stone,1
FartBringerer,1
icedcoffeedevotee,1
TinMayn,1
thebendavis,1
DickButtPlease,1
paulfknwalsh,1
PunktualPenguin,1
Le_Rat_Mort,1
PakmanWackman,1
harrysapien,1
Doublestack2376,1
healyjr,1
JacedFaced,1
black-root,1
massiveholetv,1
s00perguy,1
leglesslegolegolas,1
CaptainLysdexia,1
DrKashmoney02,1
DirtyPrancin,1
dinotoaster,1
phome83,1
talcum-x,1
unMuggle,1
WilliamLeroy,1
SkraticusMaximus,1
CreamyJif,1
texasrigger,1
bbwipes,1
DancingWithMyshelf,1
matdan12,1
Smarie0912,1
Lunchable,1
SummaYallDum,1
Marc0189,1
extra_splcy,1
sunburn95,1
Lustle13,1
drapehsnormak,1
glisters,1
Spatial__Hatu,1
drjankies,1
swinglowleetclarinet,1
LifeAtSea_3608,1
SarahMerigold,1
gelinrefira,1
BeginningHunter,1
Diane_Degree,1
Nbm72,1
ronin1066,1
user_48217,1
Siggi4000,1
AbjectAppointment,1
Oceans_Apart_,1
Loki_White,1
ptitz,1
Sledneck303,1
SueYouInEngland,1
Indecent_Shrub,1
Kageyblahblahblah,1
HerkaDerk98,1
somepasserby,1
sowillo,1
seventeenblackbirds,1
general_hugs,1
ThisEmusRevenge,1
Zeterai,1
Arik-Ironlatch,1
Shmeckle445,1
Clackdor,1
HyFinated,1
jlozadad,1
PancerCatient,1
Enki_007,1
radialomens,1
nextunpronouncable,1
purplepickles82,1
sisyphus_works_here,1
linderlouwho,1
how-about-no-bitch,1
Occamslaser,1
Cardtastic,1
TheLAriver,1
iatetacos,1
Beingabummer,1
oberynMelonLord,1
BlueHero45,1
Omnipotent48,1
Cicicicico,1
Stats_with_a_Z,1
Baynsma,1
tr330fsn4rk,1
SuffolkLion,1
Pisodeuorrior,1
mrballr69117,1
pigwalk5150,1
UnOpenedCan,1
Wespiratory,1
wrxlife,1
breado9,1
buddymoobs,1
HokeyPokeyGuy,1
pyfi12,1
2020visiom,1
EdwardLewisVIII,1
Copper_The_Hound,1
swarlesbarkley_,1
_-POTUS-_,1
Fire42uck,1
Sno_Jon,1
Spawn0f5anta,1
patient_zero84,1
memewatch90,1
HowDoIEditMyUsername,1
Villenemo,1
DrankWithFrank,1
Barbearex,1
DarkNunn,1
Huntracony,1
meow_my_meow,1
ofthrees,1
amplevoid,1
drawkbox,1
SmartHipster,1
badsamaritan87,1
girander,1
Caffeinetank,1
conflictmuffin,1
Abraham_N_Eggs,1
__BabyGroot__,1
TantalizingVenom,1
Laser_hole,1
HobbesArt,1
ddecoywi,1
Dragon_Belle,1
bparry1192,1
c-williams88,1
ob_gyn_kenobi3412,1
profssr-woland,1
Spar7an5495,1
LowlyParadox,1
JusticeUmmmmm,1
AndrevvYang2020,1
PYTN,1
HttKB,1
samskyyy,1
bustahemo,1
LurkeyCat,1
SadCrouton,1
dunSHATmySelf,1
chubaccatron,1
AntsinthePants87,1
JoairM,1
Ferretfacefive,1
RedditorFor1OYears,1
O9HP,1
beaverkc,1
liamliamliam6250,1
Darkdragon635701,1
uthio,1
theredhoody,1
kitmengold,1
mememan2004,1
--thinkagain--,1
The_X_Event,1
Iamliterallywonky,1
infantstealerdrake27,1
Mozu_God,1
xXZoinksScoobXx,1
goatbanger10,1
ICykaOsu,1
SimaoDF,1
Chewypiano12,1
sexy_detergent,1
senselessapprentice-,1
carl_super_sagan_jin,1
Floop4000,1
69sans69,1
kerbytes,1
HoNe5tLy_5aRcAsT1c,1
TheDuolingoBird,1
Arby333,1
Soviet_Weaboo,1
kingspliffs,1
ctzbee,1
-_-jego33-_-,1
RobertMcFahrenheit,1
lunarvoid30,1
Charlie-555,1
Phoenx2480,1
Firezenifets,1
Rosemary_Rabies,1
Rassy_yt,1
Yupperzzz,1
HicoNischier,1
veronicabitchlasagna,1
Abrahms_4,1
bakedcupcaked,1
xonacrackr,1
flarrowlover,1
Treeeesa,1
catcat558,1
tropstorm,1
MediocreProstitute,1
pajamasarenice,1
BroncosGirlie,1
ThunderGodGarfield,1
Smote20XX,1
Katiekm,1
Camtrev23,1
glambiance,1
ju0725,1
Seinfeld101,1
bobbyd98682,1
rebeccalul,1
wigglybone,1
Kawhi-loves-me,1
lemonsarethekey,1
Clarrington,1
thefriedeggro11,1
ihateyouindinosaur,1
piinkoo,1
guinader,1
Karina_who,1
bethfaceplays,1
Mindiiwaters007,1
stickbugbitch,1
LilDeaf,1
dikkiedikisdik,1
topramentacos,1
JealousElephant,1
wutato,1
Shadowed-Heart,1
factoid_,1
unleadedbrunette,1
enternityinbruges,1
Arealtossup,1
SwedenFreakz,1
plantsarefriens,1
ShogunLos,1
ilydowa,1
Lurking_Writer,1
VodkaAunt,1
DIY-100,1
kalkail,1
swest211,1
SamuAP,1
diybarbi,1
wimwood,1
Atomic_Thomas,1
3789460947994,1
PedalMonk,1
Saper-Ja-,1
tsturte1,1
alchahest,1
dontlikedefaultsubs,1
ambthab,1
sopahi,1
medgno,1
musicmad-123,1
CameraShutter,1
shutupmimsey66,1
verydigbick,1
Speedr1804,1
divinity995,1
Abbhrsn,1
YourTeenMom,1
wademy,1
inmywhiteroom,1
shoo_imreading,1
Astacks460,1
yxungprxnce,1
xenobuzz,1
ProphetOfDoom337,1
tribbli,1
randyn1080,1
OmenOfBalance,1
lsp2005,1
MyFartsSparkle,1
FriendlyPyre,1
moogiepoo9000,1
TheMightyWoofer,1
Rawtashk,1
CTBarbarin,1
GWNVKV,1
lmaousa,1
GiantMeatRobot,1
purplishcrayon,1
pinkawapuhi,1
Skybear215,1
TexMeta,1
MarchyMarshy,1
CatOverlordsWelcome,1
SuperMarketBanana,1
lushizzle,1
roll_wave,1
jupiterfanclub,1
Here_for_thedrama,1
irememberthepotatoho,1
massconstellation,1
jared555,1
Iradelle,1
ero_senin05,1
leviathan_teacups,1
Zeldaluvr2007,1
TidestManager1,1
anita_username,1
frigoffrachel,1
workana,1
your_moms_a_clone,1
AngstyHedgehog,1
tjm2000,1
oywiththep0odles,1
eburton555,1
Zupheal,1
confused_assboy,1
yildizli_gece,1
saucy_awesome,1
Mrclap,1
Helpmeplease6261,1
zenzontle,1
Thefuzzygoat,1
Cosmic_Quasar,1
mansen210,1
invent_or_die,1
SaltMineForeman,1
puttheremoteinherbut,1
leviicorpus,1
i-contain-multitudes,1
badbronconw,1
JustASadBubble,1
SexThePeasants,1
TechLaden,1
jrc000,1
NukaDadd,1
Parmenion87,1
crazykentucky,1
jessipowers,1
smhisaac,1
Aurora_BoreaIis,1
nicocarina,1
samtheoneca,1
meaty-dick-man,1
dwngg,1
shittyHubby,1
HeyYouShouldSmile,1
i_love_pencils,1
blueandgoldilocks,1
Melomik,1
Futurist110,1
archaeopteryx79,1
kennedar_1984,1
Spazmer,1
fosforuss,1
marquisdecarrabbas,1
armcie,1
TheMythh,1
poplarexpress,1
TheLegendOfAiden,1
utried_,1
SquibbyDoo,1
NotAlphaFoxtrotKilo,1
cantfindusernameomg,1
oexlvcr-xsvvic39980,1
o2bjody,1
FruitlessYeti,1
parthvader4,1
WinterChalice,1
deathspawn,1
zeajsbb,1
FinanceDumbass,1
LoveFishSticks,1
NootiestOfDoots,1
goomah75,1
boomzeg,1
John_the_Piper,1
KernelTaint,1
auntyweasel,1
rabidstoat,1
Vectorman1989,1
p_swain,1
Potatoman967,1
JennaveX,1
DeathWrangler,1
Judge_Bredd2,1
pinksherms,1
BlamingBuddha,1
Ericthegreat777,1
BeginningCranberry,1
RedCargo1,1
NTripleOne,1
morlac13579,1
AllTheseNamesAreUsed,1
stuffedwithpretty,1
Gears_Chris,1
jennii93,1
Mik3_Mutilator,1
runningwhiteboy,1
franklinunderell,1
Maessttrro,1
gilmonster51,1
Ask_Djhinn,1
ADreamWoven,1
xs_scat_speaker,1
Helsing1001,1
notanotheredditmovie,1
SUswim,1
jimmiepop,1
Honklebery-Finn,1
Llaguardia,1
TotesMessenger,1
Diogenes--,1
youtookthecock,1
9nina9,1
sweetpotatuh,1
Rheastar,1
Noescape0101,1
ScravoNavarre,1
AndrewSuperswag,1
court0f0wls,1
ChristopherBurr,1
FutureSquall,1
Thornecushion,1
kingcobra2345,1
MeshuggahMe,1
sophmoreli,1
CheeseSteak_w_WhiZ,1
throwaway865300,1
TheSlyfox33,1
Muzza25,1
c13e7e55,1
imtired365,1
Due_Cap,1
jen_wexxx,1
travis01564,1
tiny_tuner,1
cornlip,1
Fortyplusfour,1
rambo_beetle,1
Musclechick40,1
anuheakaonet,1
Banananipss,1
Electroeagle007,1
SweetPotatoDream,1
SpiritOne,1
cyborgbride,1
cuatroveinteyuno,1
dirty_paul,1
lore333,1
MynameisntRio,1
abbyrawson,1
maxdemianx,1
breiner2,1
urebelscumtk421,1
youth_twitter,1
amancaybombay1991,1
BenevolentCheese,1
sluntpunt,1
Domonero,1
jrose125,1
DrOpe99,1
Nairinn,1
iwannabemusician,1
menial_optimist,1
azaz104,1
jabberingginger,1
yelyah13,1
figgypie,1
asuvalskas,1
sanjay_82,1
soph04,1
juls4peace,1
nightoftherabbit,1
very_zesty_zach,1
Allendurie,1
Kennisgoodman,1
brandizzle102,1
PudgeNaut,1
Pantsylvania,1
ma-stro,1
spitphire,1
SquidTD,1
everythingisopposite,1
NotMonicaLewinsky95,1
BrooklynBabe33,1
BingeThink__,1
j_koli,1
1107rwf,1
kevinaud,1
Primandproperbyday,1
urmykaleidoscopeeyes,1
tropicalaphrodite,1
Voyseyy,1
Nephyxia,1
Glitterdem0n,1
tosserchuckerthrower,1
JellybeansInTX,1
Suckitupbutttercup,1
kingofpirates21,1
HerbsaintLaurent,1
PACMAN0317,1
MaseratiDaddy01,1
hcs010,1
xxlizardxlemon,1
Sabrina361174,1
FeanorNoldor,1
soph7133,1
goldbamboo,1
lewis6185,1
xfrx_tyree,1
itsmrsq,1
buttonmasher525,1
Speddytwonine,1
p1the1,1
AnalBattering_Ram,1
Older_Miggy,1
bobbybox,1
TrashBastionMain,1
omarbot,1
Sal_Bundry_5TDs1Game,1
Plume1989,1
Azianese,1
Richard9505,1
marymaryington,1
MagnificentMage,1
where-are-the-memes,1
Kruciate,1
fussietset,1
Das_Sphinx,1
heeyyyoouguuyys,1
Mythicalyeet,1
johnnyx253,1
Cumguzzler_scatlover,1
s1ck0m0de,1
Blizzagan,1
adonaa30,1
PM_ME_UR_TA--TAS,1
NefyFeiri,1
0x3b29,1
Gtaco377,1
RemorsefulSurvivor,1
ToastyNathan,1
reamik95,1
YakkyDoodlePoodle,1
TwnH6,1
orange_jello_fish,1
YEETIUS_LMAO,1
nrkelly,1
Agent641,1
BenchMarkAB,1
mlmcw,1
kaos328,1
feor1300,1
CanineRezQ,1
VaultBoyNewReno,1
FaultyXX,1
misskheart,1
slapdashbr,1
pink_boi_,1
itsnik04,1
WhellEndowed,1
viggy_buckets,1
Thomas-The-Train22,1
knutnaerum,1
glsods,1
threadbare_penitence,1
throwawayd4326,1
LE-88,1
somguy9,1
notmattherr,1
spaghettilee2112,1
Yankee831,1
CommercializedPan,1
Urfaveooverjaver,1
appleparkfive,1
Sexy_Anxiety,1
Conatus80,1
EFIRE23,1
bruisedunderpenis,1
Vkkra,1
will_edwards298,1
kittenmommy,1
Sociable_Tard,1
dc-boi,1
Wescha,1
Vaspiria,1
3picCosmicCoffee,1
PlatinumHammer,1
natercbater,1
rosaardezzone,1
DoctaJenkinz,1
spiderlanewales,1
speedydinosuar,1
missioncaprisun,1
scottevil110,1
CantBanFacts,1
secondHandFleshlight,1
the_cheeky_monkey,1
goblinmarketeer,1
chigoonies,1
SuspiciousNewAccount,1
charizardine,1
Adiraiju,1
wolfpup1294,1
aluxeterna,1
kitsunespooky,1
shadleberry,1
StrangerThongsss,1
Masterclownfish,1
Katzimir_Malevich,1
ravenpotter3,1
Cuff_,1
NecessaryTruth,1
ImportantCategory,1
TheWeeFreeMen,1
DeductiveFallacy,1
mrsuns10,1
dyrannn,1
fuckmyoldaccount,1
Apache17,1
thudly,1
grflax,1
HurryUpImDreaming,1
HumanDrawer,1
1213UMPA,1
TheDankestToast,1
Georgy_K_Zhukov,1
pepu1111,1
Jensivfjourney,1
auctus10,1
hideousbeautifulface,1
MrBlueCharon,1
somethingpunny2,1
SolidShock24,1
dapperdweeb,1
Viperbunny,1
UnspecificGravity,1
Tangboy50000,1
hongkonghenry,1
seaphoam-green,1
brechin,1
seeairah90,1
stargazer29,1
SufficientPatience,1
silentshark08,1
KourteousKrome,1
geephillikers,1
kin9_luk3,1
theBrD1,1
ChickensGoMoo101,1
BigPapa1998,1
Who-Dey88,1
Vextin,1
Biostrike14,1
Easy-Tigger,1
lasagna_manana,1
Navy_Pheonix,1
Kefos,1
Gophers_with_mullets,1
FlaxinWaxin,1
puppehplicity,1
thechiimischanga,1
FogeltheVogel,1
Broken_Nuts,1
Lord_Voltan,1
brookseyw,1
Arkansan13,1
Monkey_King_bot,1
Hitlers_Big_Cock,1
BlondieClashNirvana,1
darkdude103,1
Ninjahkin,1
randomdude1776,1
neohylanmay,1
Faiakishi,1
Carrottss,1
guyhabit,1
xrxwx,1
sjenderke,1
Connor_Kei,1
deusmas,1
GoingForwardIn2018,1
Ewba,1
photomotto,1
Rusty_Shakalford,1
AzraelTheMage,1
tamano42,1
bumbuff,1
sperdush,1
Summonedlemon,1
Pizzaman231GMZ,1
13131123,1
A_KULT_KILLAH,1
DukeNukem_AMA,1
_eeprom,1
Guy_tookatit,1
idiot-prodigy,1
_meshy,1
pm_me_beachbabes,1
Cheetodude625,1
TheRookie420,1
I_Eat_My_Own_Feces,1
adm_akbar,1
tman_elite,1
AnalTyrant,1
GustavoAlex7789,1
hungry_eyes2019,1
Tunderbar1,1
MemoryWipe123321,1
kasenutty,1
AskKapil,1
thweet_jethuth,1
Im_A_Real_Boy1,1
Rhinoceri_Chamber,1
ur_fave_bae,1
_NW_,1
AbeLuvsTheatres,1
ElVeritas,1
Ace0o0o,1
FlyingToaster95,1
Krimsinx,1
firebird_x2,1
Mew001,1
Orlshade,1
Mythoclast_BM,1
A_Dozen_Aardvarks,1
cheesechimp,1
LookMaNoPride,1
kizzle69,1
NoGood_Stinkin_ITGuy,1
Excolo_Veritas,1
GoneInSixtyFrames,1
PM_ME_UR_PUPPY_PICS7,1
AutomaticLibrarian,1
boyz2med,1
rj2896,1
OGSquidFucker,1
I_Had_No_Username,1
bigeartha,1
drag0nw0lf,1
TinWhis,1
sydneyunderfoot,1
themeatstaco,1
numberninemac,1
IcelandIII,1
Carter280,1
Baimmun20,1
Darnitol1,1
PinkPantherParty,1
mastawyrm,1
NightTrain05,1
Goths_Are_Cute,1
eye_donut_no,1
BuddyUpInATree,1
LecstasySuicide,1
MarkieDB87,1
DrBobbyScott,1
gets_that_reference_,1
ronald_raging,1
Qwerty_Asdfgh_Zxcvb,1
Eddie_Hitler,1
StabbyMcSwordfish,1
lookitsjustin,1
blackmagic12345,1
WatNxt,1
SmellsOfTeenBullshit,1
DanTheTerrible,1
Aidennn92,1
Rivsmama,1
justessforall1,1
owenmpowell,1
RobotUsername,1
Phil-Michaels,1
Produceher,1
KnightsNeverCry,1
HI_I_AM_NEO,1
kgkx,1
Bluest_waters,1
ShoddyActive,1
Cobaltjedi117,1
Krhl12,1
Coolest_Breezy,1
Vakieh,1
zeusishavingaparty,1
girl_inform_me,1
startinearly,1
funkobotman,1
killerwhaletales,1
beau8888,1
BazingaDaddy,1
ouchimus,1
Hautla,1
JuniperHillInmate,1
Razor1834,1
BoredatWorkintheNOC,1
Inimbos,1
grandpa_grandpa,1
My_Pen_is_out_of_Ink,1
lav4girl,1
bebebotanica,1
Cherklov,1
Nayr1230,1
ConvenienceStoreDiet,1
Maxorus73,1
Rumplust,1
uwhy,1
dangerislander,1
CorndogNinja,1
a-big-idiot,1
DisneyWorld1971,1
Opticpredator_50,1
S3ndNud3s,1
Charlie_Brodie,1
ccheuer1,1
melindypants,1
liam12345677,1
VagueSoul,1
Stormfly,1
AtelierAndyscout,1
cysghost,1
micmac1007,1
cindyscrazy,1
senorcoach,1
sixesand7s,1
Scrubtanic,1
supermav27,1
alphafire616,1
arg2k,1
playblu,1
Dog_Lawyer_DDS,1
HumanOrganization5,1
dreadstrong97,1
Nikkdrawsart,1
danielzur2,1
firefistzoro,1
EmbertheUnusual,1
Didymus_F,1
SovietWaldo,1
hogsandducks,1
XxsquirrelxX,1
sokko78,1
luxuryshoesglobal,1
PM_ME_YOUR_REPTILEZ,1
A_Dull_Vice,1
lightlyflavored,1
withlovesparrow,1
Straight_Ace,1
Robot_Anime_Girl,1
_Quetzalcoatlus_,1
natth454545,1
OnyxWebb,1
Ryanmiaku,1
Avery17,1
silver_quinn,1
BrokenZen,1
Insanefoo,1
DunkanBulk,1
Grembert,1
EmRoPetersen,1
Imgonnathrowawaythis,1
Artiemis,1
spaghettify,1
cloudycane,1
lostdimensions,1
OneFeistyDuck,1
pvbob,1
Bachaddict,1
WolbachiaBurgers,1
jamiegandolf,1
PyroZach,1
Incontinent_koala,1
MangoMambo,1
Junebug1515,1
shitfacts,1
user93849384,1
disposablerebbit,1
DG729,1
harbison215,1
Davachman,1
route_69,1
12vElectronics,1
missedthecue,1
BlueFalcon89,1
LaneKiffinsAlterEgo,1
SekrosTheMedical,1
Infammo,1
SirWigglesVonWoogly,1
Happyhandse,1
SmallTownJerseyBoy,1
bigbura,1
IDoThingsOnWhims,1
Puddnhead_Wilson,1
vanillawafah,1
HailTachanka,1
Sentak_,1
0311_0313,1
BattlefieldNiblet,1
MacroVegGirl,1
daddybignugs,1
Jalor218,1
timshel_life,1
LeakyBrainJuice,1
T4O2M0,1
throwupupandaway_2,1
read-it-on-reddit,1
OozeNAahz,1
Aint-no-preacher,1
OpheliaDrowns,1
likesloudlight,1
justalittlelupy,1
Gosupanda,1
Moist_When_It_Counts,1
XxKnightressxX,1
Mike9307,1
MadTouretter,1
Gio_lv,1
SebasGR,1
discountErasmus,1
siraaris,1
TheMountainThatRidez,1
moorehawke,1
LZ_XC,1
badkids_music,1
thelv3,1
MoreThenYouThought,1
SocialAlpaca,1
ayestEEzybeats,1
AskMeAboutTheJets,1
Bohzee,1
sepharig,1
irsolano,1
geoknz,1
CHIEF_BEEEF,1
FuCuck,1
robots914,1
InsertWitt,1
PleaseFeedTheBirds,1
FloatyFish,1
Adeltron,1
dotchianni,1
drinkduff77,1
Dan10010,1
donthavgold,1
FartKilometre,1
murdok03,1
sounds_n_stuff,1
CabbageFarm,1
drit76,1
ElfinRanger,1
MGodS,1
Twice_Knightley,1
Wetbung,1
CplSpanky,1
KaptenNicco123,1
Kckckrc,1
tangerine29,1
MajorDanger85,1
aysocks,1
arabash,1
DonutMaster56,1
good-ole-uncle,1
AZERTUYOPE,1
Twi5chy,1
U_Cringe,1
Callme-Hu_man,1
failIsntDial,1
doomstay192,1
xxxsneknclopxxx,1
markthenontheist,1
Meeshkin,1
aldorn,1
JRTGaming2,1
soodedoisegoowow,1
The_Real_MsPuff,1
o_charlie_o,1
dankdog202,1
wots_a_hentai,1
Zillicon,1
allofthelights,1
BallinSpongebob,1
whatthougtht,1
FistFullORotini,1
craftyleosteel,1
Mzgszm13,1
NurseShabbycat,1
Hiruel22,1
Karl_theSocialWorker,1
JerkinItLike247,1
AxisKronos,1
myeyeshurthelp,1
Rayzor_11,1
dragonbabyzzz,1
flaskman,1
AnyGivenDeus,1
Chewbaccadog01,1
AnEmptySky,1
giothebannedboi,1
labratLCA,1
butterscotchgamer,1
Dabaski,1
TisCactus,1
DecentAnarch,1
vector_total,1
FizziSoda,1
Designatedlonenecron,1
IIHotelYorba,1
crikeywotarippa,1
tomcaot,1
EnemyAdensmith,1
NorthByNorthLeft,1
Jubtyjub,1
Negro-mans,1
lucacorn182,1
LinkManREDDIT,1
Sawe871,1
Bat-manuel,1
SheZowRaisedByWolves,1
SpicyWorms,1
Dsb0208,1
Blaimento,1
LOGSTER9999,1
Exotic-DARCI,1
theconstantgamer,1
Jyquentel,1
TheMirrorMessiah,1
HumbleAssociation,1
Username-66,1
gonnagulagyou,1
KP2304,1
el_plebbo,1
C4STLE1,1
supersaiyanmp3,1
jacksreddit00,1
trinthot,1
Rynamd,1
MrPraxus,1
hamandcheesetime,1
mckennakb,1
NixonKane,1
dewnar,1
istandalone951,1
A_M2_Sherman,1
astroadox,1
T-GayNibba,1
LastMan2Stand,1
alk942,1
amooserino,1
carorly,1
not-a-candle,1
EdgeLorde_666,1
inportantusername,1
DavidPT008,1
lukey8902,1
Jonnyboom10,1
SaladTheMediocre,1
SnowBlackCominThru,1
div_,1
3rudite,1
AdsterTheNoob,1
W3Cali,1
fatherting,1
Boolian69,1
Papa_Stal1n,1
JaysCockWhore,1
billybobjimmyjoe,1
ShoppingCartRodeo,1
Wintermute_2035,1
Hypercarsdude,1
Dbar53678,1
glawwwria,1
Metagr0ss17,1
Creamygoodness0,1
the_noodle,1
Potatow-Edge,1
B0tRank,1
V5AUG,1
YhormBIGGiant,1
sniperhuskyfin,1
Alexstrasza23,1
SwissCheese-Fugo,1
4p3rtur3,1
YeetShendi,1
Queen_Nemma,1
bambola21,1
Mernerner,1
naufalap,1
Wammajammadingdong,1
nwebb843,1
Little_Goat_Child,1
ermagherdbrks,1
chodd_choward,1
james_kelliher,1
snickns,1
CynfullyDelicious,1
Wemestmeaw,1
xxabyssslayer,1
NoMoreNicksLeft,1
urbanworm,1
usernameLeavesHotel,1
jmbaileyaz,1
happydayswasgreat,1
uwuuwuuwuuwuwu,1
eve2468,1
ludicrous_speeds,1
jamaccity,1
DBfan1984,1
caspyy2k,1
pinkdragon_,1
alexlmlo,1
xEulogy,1
freakyasmofo,1
FlamingLitwick,1
ibasiba,1
7kn6,1
noogers,1
paintmybeet,1
GreenAlchemistZero,1
hichkim,1
A-Robots-Heart,1
casual_bear,1
MopsyRabbit,1
beeps-n-boops,1
zachpac18,1
Compendyum,1
Rick-CV2,1
DJSadWorldWide,1
imyourhope17,1
ObscureBalloon,1
charfness,1
murphykp,1
ominousloudrumbling,1
DreamArcher,1
donjuan510,1
NowOutOnBluRay,1
T0MBST0N3,1
photoplasm,1
Thayet9,1
mfreixiela,1
CaptainNicodemus,1
Steampunck,1
toketasticninja,1
Abcdddffu,1
redditornumber7,1
DisNameTho,1
HarrysKane,1
BaRaj23,1
SchultzDooley,1
covfefeMaster,1
navinjohnsonn,1
ohnoazombie,1
mobileagent,1
babou-tunt,1
too_toked,1
Valriden,1
tinyykittenn,1
noyourebreathtaking,1
Roofy11,1
BR0THER_THR33,1
Alex11GK,1
Enteratrisk,1
laurenexclusive,1
dcwiggin13,1
VictoryParkAC,1
Sketchy-mango,1
Alldayfanmadness,1
LordRedBear,1
johnq-pubic,1
m4ggii,1
ensoniq2k,1
Csmbird,1
floodlenoodle,1
the_silver_patch,1
shartshooter,1
psycho_qt,1
Sythuss,1
sychen227,1
BlazinT10,1
historygeek978,1
autumnmcawesome,1
th30bs3rv3r,1
Scuta44,1
KaylaaKionaa,1
Pierceman,1
wannabeabbyt,1
EugeneMJC,1
ecat_12,1
Apex2nying,1
killerinthesky,1
lost-in-the-trash,1
BeatsByEzekielElliot,1
hollaDMV,1
unfiltered_ideas,1
MaC1222,1
bloatedsac,1
ming_the_merciless,1
praythepotholesaway,1
JC12231,1
Krunk_MIlkshake,1
shatspiders,1
lehedgehog,1
hitormiss02,1
escrotin,1
cyberknight77,1
CoolCodePro,1
Cvers,1
dgcgxxw,1
zo0bie,1
AmIaBotMaybe,1
fiendish64,1
beepinbopper,1
_alienblueme,1
Anukisun,1
thats0K,1
yamapresta,1
settledownguy,1
Anon-Ymous929,1
sfowler,1
funkykunai,1
sy13r,1
NaGaBa,1
Mailor_Soon,1
Martyfreshmaker,1
booptehsnoot,1
Taste_of_Natatouille,1
-UncleSweaty-,1
guinness5,1
aejaien,1
netsuo,1
dancingcheesepuffs,1
ApolloManOnTheMoon,1
rTJPtakes,1
unassuming_angst,1
intenspence,1
CyberianSun,1
ZippierBee,1
tia56,1
Randolph-,1
jakepaulismymother,1
howdujudu,1
CraniumCensor,1
swimgoodm8,1
Phil-E-Buster,1
climb-high,1
gioelrobot,1
Blackbutterfly79,1
Pugafy,1
biscuitsandgravybaby,1
Alloth-,1
restlessllama,1
FubarFuturist,1
StarvinMarvin00,1
sir-sad-a-lot,1
Sapien-ish,1
iamasimplechair,1
dellatachi,1
brownieb710,1
shitty-cat,1
loppybear,1
evDev84,1
Dr_DeWaat,1
seganeongenesis,1
Petrrii,1
kelligirl1126,1
outadoc,1
johngreenink,1
Curious_Doggo,1
lvl3security-outof20,1
zoishiez,1
iTwitchALOT,1
tits_mage,1
alexanderelton4i,1
nostopthere1,1
von_Mises,1
kvothe2033,1
sikahtuna,1
just_bookmarking,1
Talonf319,1
Reddit2Trend,1
TheNorthCat,1
_rake,1
jonquillejaune,1
ghstkatt,1
HAL521,1
cristarain,1
KibaReno,1
Captivating_Crow,1
MontyPorygon,1
cmp924,1
Bbj10,1
bmwwest23,1
drprettywings,1
puppies-pls,1
kingelsie,1
1roundpotato,1
PeterJohnSlurp,1
MuonicDecay,1
Trex450,1
GerinX,1
blueoreosandmilk,1
tw0-0h,1
hnatova001,1
dogeatingdog,1
BobOki,1
Hodgej1,1
WhatsAllTheCommotion,1
Boss2012,1
thawkzzz,1
lekalulu,1
NotGonnaRage,1
angel_osteo206,1
Cpt-Badger,1
Dionaea42,1
KAIOTEA,1
tafunast,1
ZomboFc,1
suzepie,1
thuggishruggishboner,1
MontyAlmighty,1
TheManRoomGuy,1
Thunderbroom,1
repetitionofalie,1
belleayreski2,1
emduv,1
TheSaucyCrumpet,1
amianiceguy_maybe,1
SkyDrifters,1
R33D77,1
janeybabygoboom,1
diceonpaper,1
Pretty_Soldier,1
extruderalert,1
karatechop97,1
Yep_Its_Actually_Me,1
jmc323,1
tomgremlin,1
PourJarsInReservoirs,1
c-dy,1
digifuzzy,1
Sweet_lassy,1
FelisMargaritaParty,1
AGuyWith3Cats,1
Matt3051,1
CloacaAndDagger,1
Luttappy,1
appdevil,1
anthony81212,1
shakycam3,1
HeyT00ts11,1
AndBaconToo,1
anonymousyoshi42,1
shatterly,1
GifReversingBot,1
_Blake_F,1
Mynuts4812,1
Steffan514,1
Witheress,1
sleep_monster,1
Rengas,1
Rick_Astley_Sanchez,1
r3dicer123,1
jfiander,1
jethroboom,1
go_dg_go,1
TheBottleRed,1
MrBonelessPizza24,1
mr_barley,1
Embatman,1
GeekAesthete,1
stanfan114,1
09Klr650,1
Froggy0140,1
Handyandyman50,1
Gnostromo,1
kittnbiscuits,1
Wormtown,1
southbayrideshare,1
meepmeep13,1
buildthecheek,1
PrblbyUnfvrblOpnn,1
OriDoodle,1
shahooster,1
Jfonzy,1
TheEclair,1
Pret1125,1
Sslesh,1
ginga_ninja_89,1
JeanValJohnFranco,1
Gillfeesh,1
boobodst,1
craftybast,1
PhanTrash666,1
jttoolegit,1
darkparts,1
Werwanderflugen,1
shurebru,1
champagnejani,1
moderate-painting,1
Brovan_Tanu,1
_barbo_,1
Attivik,1
toeofcamell,1
SomeSplicer,1
Biodeus,1
madonnka,1
rektumkorrektum,1
Sindoray,1
annoyingone,1
mtbohana,1
Romero1993,1
pofet,1
gatman12,1
Imjustsosososotired,1
KING_JELLYB3AN,1
boujeratche,1
Orphasmia,1
SuccessfulMumenRider,1
nothinnews,1
OkamiNoKiba,1
quaybored,1
TheBeardedMarxist,1
JillStinkEye,1
Bismothe-the-Shade,1
Thibbledorf_Pwent,1
LookAdam,1
shaka_sulu,1
onewilybobkat,1
ThatDamnRaccoon,1
Dusbowl,1
__THE_RED_BULL__,1
j3peaz,1
ESCALATING_ESCALATES,1
MauricioBonesWerdum,1
IamUnhinged,1
TardisDude,1
Megolito,1
punchy49,1
Woyaboy,1
noisufnoc,1
august2017,1
Alpa_Cino,1
jld2k6,1
the_benighted_states,1
binderman12,1
theflamingslinky,1
mycatstinksofshit,1
memetunis,1
temporaryuser1000,1
fantastrid,1
PhotoshopMogul,1
Lalllo7,1
soulonfire,1
s_nation,1
Reacher-Said-Nothing,1
Rpolifucks,1
Sam_Fear,1
ThirdEyePeon,1
Guac__is__extra__,1
villan,1
unthused,1
prunk,1
Anothereternity,1
ZacharyShade,1
AndrewIsMyDog,1
DetroitBreakdown,1
agentpanda,1
matholio,1
snowqueenn,1
inlovewithicecream,1
QuasarsRcool,1
NiggyWiggyWoo,1
Kidd_Funkadelic,1
heckin-gecko,1
Sgtballs,1
knitknitgoose,1
medicinal_alex,1
Skadwick,1
MrMagius,1
TheHandOfKarma,1
breaking_fishcakes,1
smallaubergine,1
mumny1973,1
octopoddle,1
boringoldcookie,1
tommy_chillfiger,1
tittyhook,1
TitsbyTacoBell,1
Captain_Gainzwhey,1
Top-Cheese,1
disqeau,1
exus,1
Apr17F001,1
EtsuRah,1
OohChocolateSurprise,1
IgnitedSpade,1
richielaw,1
TokiMcNoodle,1
canolafly,1
c_ardina_l,1
Double_Minimum,1
RemindMeBot,1
CuddlyRobot,1
RyanKinder,1
Malicious78,1
IronScrub,1
CygnusSong,1
CADpimp,1
Cold_Leadership,1
CaptainSlop,1
xhsmd,1
john--smith-,1
Ganon2012,1
cofeeholik,1
PizzaThrowaway73,1
abhik66,1
OilyBobbyFl4y,1
ASAP_Moisty,1
kate479,1
microgirlActual,1
Simbuk,1
runkootenay,1
Cannibalcobra,1
bgtrusty,1
Aladen_ofthe_Apes,1
phumanchu,1
CatBedParadise,1
mr__paco,1
Nazi_Marxist,1
capnkurt12,1
jimbozinoh,1
Just__Another_Brick,1
tokomini,1
bamburito,1
my__name__is,1
lodger238,1
GallowBoob,1
Boojibs,1
bleachmartini,1
Fackostv,1
TacoBart,1
beatyatoit,1
Doucevie,1
DJ_C1,1
9ai,1
agnes_gruu,1
VictoriaVicky05,1
MistaRabinowitz,1
Elder_Bird,1
bbrosen,1
camomille26,1
OneManLost,1
batmanmedic,1
mynaenaejeff,1
yousefdc12,1
ConfusedWitchDoctor,1
quorrouq,1
eldub27,1
HHMMFFIICC,1
rnaderpo,1
QuasiIntellectualMan,1
Full_Metal_Poncho,1
bobbybac,1
Rollinzion,1
big_pecs,1
Bigly_Star_Hole,1
cpt_nofun,1
ChaosOrPeace,1
XSPressure,1
Media_Offline,1
new-to-this-timeline,1
couragerepublic,1
juicejohnson,1
IrKenpachi,1
DavidDPerlmutter,1
da_doctori,1
DrangonFlames23,1
Melisodd,1
KGDLFC,1
croixian111,1
Thalixia,1
Fluffycripples,1
1416073,1
SolvedWithBeer,1
EVO_XD,1
2manyweaselz,1
Redandalien,1
MrPanda663,1
slovakgirl1921,1
kitty2314,1
Miguel_956,1
nickmemphis06,1
smackmybitch_up,1
wank_for_peace,1
jackowolf1,1
MovieFreak78,1
yusufmkI,1
Rize007,1
Ungenial,1
anton7ram,1
That1Crow,1
napqueen12,1
sactokingsfan,1
liseluci,1
d0ndrap3r,1
putaaaan,1
meraboobi,1
patricias_pugs,1
every_other_monday,1
idontevenarse,1
Dekla,1
buttrflygrl19,1
Zombycow,1
Redfish1971,1
jibbajabba99,1
VipRoots,1
-o0_0o-,1
ArieSpeaks,1
spottedram,1
Joannamarieadcoc,1
DarwinIsMyHomey,1
the_phurf,1
HunyadiArpad,1
cbunni666,1
rejin267,1
Greatfuldead30,1
charlatte97,1
Mrrobot3009,1
tHIRSTY_Wok,1
possum_Hempcrete,1
Hapyslapygranpapy,1
PorkRollAndEggs,1
primase,1
Llamaalarmallama,1
peterofantioch,1
EmmitSan,1
KickBassColonyDrop,1
TDawg_603,1
MLGTommy47,1
keyrfayd,1
carlsonivan,1
MaddMaann,1
gamma_babe,1
Miyke,1
cmurray021,1
jcp012000,1
tinyginger,1
RiidoDorito,1
mistymountainbear,1
fudgemuffinsandtart,1
whla,1
Kiyriel,1
Nippolean,1
inknpaint,1
NoTimeToChopItUp,1
Davinci8217,1
Beansiesdaddy,1
SteveofGilead,1
Remake12,1
PyroFox,1
maziar37,1
CornflakesforBrains,1
xagm,1
otakotaku,1
Drwhip23,1
Presto123ubu,1
ThatLeetGuy,1
TriGurl,1
therealjenshady,1
ohdahila,1
iamnotroberts,1
Apollo77477,1
nachostow,1
tossesaway2018,1
gaabz,1
Belfunk,1
cubano_exhilo,1
sprouts80,1
KuKuthechicken,1
QualityTongue,1
Almost_Frosty,1
Fozzybean,1
DrManowar8,1
wendieful,1
Embrat36,1
DivisonNine,1
yourfriend-on-reddit,1
JBHopkins06,1
MexElf,1
Peakswashere,1
WHISPonPCin240P,1
HarmonicSolutions,1
SaintBricks,1
beeofthebang,1
megdegreve,1
sharkphin,1
RedditPrat,1
gratedane1996,1
cryptomadman,1
TheSultan1,1
Alissondallaroz,1
G4V_Zero,1
Bamrak,1
CookieDookie143,1
pdiddy49787,1
juicyvelvet,1
ButtMunchies7,1
ancientflowers,1
ekimshaff,1
katgot,1
ymmot1989,1
W1ULH,1
thom_orrow,1
SusieSuze,1
Pluisgee,1
rza_atf210,1
Avanolaure,1
Izoto,1
ecctt2000,1
speechlessspinach,1
Uncanny--,1
Hrilmitzh,1
jpoppington,1
Dafait21,1
DragoniZilan,1
MeLlamaJuanMas,1
iniflonra,1
krongdog,1
-Rick_Sanchez_,1
theomegaone99,1
pomdudes,1
XionXionHolix,1
Red_Wolf_,1
knight04,1
Lannister-CoC,1
cagirlinoh,1
The_Wicked_Ginja,1
lexbuck,1
LuigiPower123,1
KnightLight03,1
SoVeryKerry,1
rugerty100,1
Sp00kyNoodle,1
SBJaxel,1
WeenisWrinkle,1
ontopofyourmom,1
AtoZZZ,1
Bigjunsk8r,1
CherryCherry5,1
joseRLM17,1
zyafed,1
LeafyBoi6969,1
Banhammer40000,1
Gcons24,1
ynwfan,1
oopleeaze,1
R_Tango,1
funky555,1
ipacktwo,1
Schtorples,1
Thequadrupledecker,1
ningirl42,1
wickla,1
localether,1
thrillah24,1
Who_GNU,1
Peneloliver,1
johnrexb,1
Naturally_Smitten,1
Resident-evil-man,1
Possibly_for_sure,1
creekcalle,1
worstjinxuniverse,1
Am_I_T0ny,1
levoix124,1
Lux29865,1
dayzedTxT,1
Catarina-Mendes,1
QuizzicalBrow,1
Panama-R3d,1
Eat-the-Poor,1
Lelezo,1
overworld99,1
BakerInTheKitchen,1
Pockethound_Shoggoth,1
AK11119,1
CelestialConvergence,1
popebarley,1
Cappas1,1
1004Hz,1
satanichispanic666,1
RhinestoneHousewife,1
D0NW0N,1
asschoe,1
Slaggerfall,1
wtf-m8,1
Vastly,1
hunterman711,1
fuck-dat-shit-up,1
MrScrib,1
atmospheredepartment,1
AvaMarieS,1
blackl4b,1
Sumthinfucky,1
PrincessVespa1,1
dr3wzy10,1
thou000,1
Sammzon,1
partytown_usa,1
mightyscoosh,1
d8baile,1
dizzyy-D,1
MendaciousTrump,1
ptwin03,1
FullSupportBra,1
rabidmaggot,1
getoutmyarse,1
ObviouslyATroll69,1
userdoesntgiveafuck,1
pocketwatchsand,1
Mizerablee,1
Txsgentleman50,1
cutelittlebamafan,1
Chibbly,1
Brady_Bear,1
RankinBass,1
Squeeker-the-Cat,1
Gloryblackjack,1
BarryTrotz86,1
olov244,1
Daiviejones,1
zeemode,1
NachoProblemz,1
Starsrulethestate,1
grifthecat,1
jotadeo,1
ShoopDaWhoopBurrito,1
RexUniversum,1
BourneLTU,1
Boltz-Fn,1
lorenzo_slow,1
Notrelated2DenzelW,1
RAZ0R_BLAD3_15,1
jmyyron,1
ineededthistoo,1
vinomatt,1
Erik-144,1
kayberrie2,1
Ms_dragonslayer,1
spideranansi,1
lotsflwr,1
Inexpedient,1
domdmak,1
hviley,1
Fully_Active,1
AlfieHitchcock,1
Kristeninmyskin,1
bapnkimchi,1
nappmandoa,1
qu1etus,1
The_Mighty_Hunter,1
buttz_r_us,1
canyon_drain,1
wastingtimeisfine69,1
kobothedog,1
urbanek2525,1
ChimpyChompies,1
sashabobby,1
babesquad,1
Aboveground_Plush,1
gzmnvero,1
robbyford182,1
CornhuskerG,1
Weirdgirlnames,1
brightxeyez,1
WiggyWare,1
jumpinjetjnet,1
Dabmaster96,1
Nuggetfeatures,1
icyski_art,1
Dick_Tingler,1
SomethingWiild,1
Don-Rodriguez,1
chilejon,1
Charlizeequalscats,1
adeward,1
Armageddon-Jane,1
whatacrappyusername,1
Sers_tine,1
evohans,1
thelacey47,1
anderhole,1
SuitcaseJefferson,1
joedumpster,1
wretchedhal0,1
YoungBillionaire,1
Obi_Wan_Benobi,1
Beckitkit,1
MINIAC92,1
ros116,1
20mcfadenr,1
sebnadeau,1
_iPood_,1
Sundowner_73,1
cewallace9,1
nymarm,1
NorthernLaw,1
dReDone,1
RichB_IV,1
Catfeather,1
tobasee,1
CoffeeStrength,1
Silentbtdeadly,1
fullchub,1
7Hazel7,1
bigheyzeus,1
diosmuerteborracho,1
TheOuts1der,1
nessao616,1
17954699,1
MrAskani,1
Hoilaamo,1
Sagono226,1
i-ejaculate-spiders,1
TheOtherLamperouge,1
NovaNova312,1
Danertins,1
rillip,1
kungfumilhouse,1
ThisFckinGuy,1
koreanocean,1
springbonnie-unc,1
Noozefer,1
mcdormjw,1
black_dragonfly13,1
Hoobleh,1
pmorrow84,1
SchwiftyMpls,1
Theodaro,1
TmickyD,1
Danulas,1
duaneap,1
ortolon,1
hillsa14,1
scrollhole,1
they_have_bagels,1
BenGoeller8,1
nazukeru,1
ImaOG2,1
captainAwesomePants,1
Aznp33nrocket,1
hairystockings,1
cflatjazz,1
thanosfrom2014,1
serenityak77,1
subtle_allusion,1
Rabbi_Tuckman38,1
mymyselfandeye,1
Troglodyteir,1
Gestrid,1
merlin401,1
War_of_the_Theaters,1
firegodjr,1
jarquafelmu,1
3226,1
IronTarkus91,1
Buezzi,1
Henesgfy,1
kciuq1,1
mechakreidler,1
--Neat--,1
Funkit,1
FantasyProphet83,1
FlatCold,1
Hawezo,1
MissCherieBella,1
ItsAMistakeISwear,1
drunkin_dagron,1
gatomeals,1
MrBuddersworth,1
Agathos86,1
ArcaneYoyo,1
1st_Edition,1
trustthepudding,1
Dry_Boots,1
MickeyButters,1
mild-meme-dictator,1
niarlin,1
daywinner,1
frecklefactor,1
ChiefKeefSosabb,1
skywarrior980,1
xErth_x,1
DiamondSoup,1
memunkey,1
dubstep-for-kids,1
YJCH0I,1
MrSickRanchezz,1
ned883,1
KingKCoolKaiserSSB,1
Chocolate_Thunder49,1
pookybara,1
LightBxtch,1
GovernmentBlows,1
roeravid,1
TheChrisCrash,1
ph_r-i_k,1
CritziGold,1
Jimmythebulletdodger,1
the_bellona,1
Thor1273767,1
ACWGT12,1
SADA00,1
dirtydawg1481,1
NihilisticNihilist,1
weird-shit-time,1
ricknmorty024,1
Walrus9000,1
isthisfineyet,1
blume_,1
Eraxa,1
ItsLuther,1
AtlasXO-16,1
king_lifer,1
tide14,1
joecroops,1
Chundertaker,1
GoobieButter,1
sebi_the_snek,1
FunkyJokers,1
JRharding,1
mikayla360,1
dyfrke,1
incoherentawooing,1
oli7497,1
garrettk161,1
YaBoiVEVO,1
shoutsfrombothsides,1
Firefangdf,1
Streakdreniline,1
vegetableguy,1
Skiskk,1
bruh__bot,1
Eggsworth,1
keyokenx1017,1
RockemSockemOW,1
ZYXpE,1
scheidtzera,1
user1138421,1
UncommonKnut,1
KarBoy2314PL,1
evilbadgrades,1
----Aaron----,1
1337toby,1
Alex_Haro02,1
tomghost5678,1
imromanianboy,1
orangutanbeater,1
le-goat,1
Stingray191,1
neigborsinhell,1
GA18J,1
boyolingpots,1
PiratesOfTheArctic,1
cahie06,1
Magical-Sweater,1
elbrechon,1
Revamped_Random,1
H3RM1TT,1
captain_anna,1
PerfectlyDarkTails,1
kenny68,1
Wilkin__,1
Mochaluver,1
Cannibaltruism,1
Growdanielgrow,1
octo_lols,1
AmazingAgent,1
Maximum_Stonage,1
LigerBomb1983,1
asepticprotocol,1
TheTokyoPoliceForce,1
Jgrabosky,1
TTEOAI,1
3pac_forsure,1
seanferg48,1
Sacredkeep,1
ovande,1
jrcprl,1
Viper-owns-the-skies,1
fosterbuster,1
Racsoth,1
theranger815,1
ourbelfastboys,1
andjack200,1
Kayleekisses,1
DavidHK,1
Knight-Creep,1
InTacosWeTrust8,1
AustralianKeck,1
cate_is_kill,1
tacticalassassin,1
deadcatfpv,1
PastAcanthopterygii,1
Rastajingles89,1
SocratesHasAGun,1
qcon99,1
ExceedinglyWolfGay,1
MOONGOONER,1
HamanitaMuscaria,1
nuke-no0dle,1
Neppo_,1
navras,1
x2ndCitySaint,1
mharjo,1
jello1388,1
a_trashcan,1
Undercover_Ostrich,1
LurkerLew,1
theo_borz,1
mrfabpants,1
NissanSkylineGT-R,1
Nirb_,1
femalecactus,1
SepticZombie,1
RayFromTexas,1
pct92,1
thecrius,1
nivek_c,1
Worf_Of_Wall_St,1
pantera_de_sexo,1
BigSlav667,1
ssg-,1
captainhawaiian,1
mnieh,1
FN-1824,1
kayb1987,1
JacksonSqueaks,1
GameTox,1
Bootyhole_sniffer,1
SKAr-FACE,1
pappapill,1
Cabbauge,1
dkyodabro2112,1
Zazamak,1
majormoron747,1
TumoOfFinland,1
leroyyrogers,1
MasterAssFace,1
TurbulantToby,1
Username_Used,1
Ghost_Killer_,1
alt-of-deleted,1
Greyson95,1
Catched89,1
ChinaMan28,1
Arendmon_,1
MaterialIndividual,1
Synergy_synner,1
whocanduncan,1
TeraFlint,1
ZX9010,1
ackzsel,1
Frutzen,1
HethoRDC,1
docrhymer,1
flight_recorder,1
TheRealGoodArchitect,1
MantuaMatters,1
InsidiousShade,1
Henrikko123,1
UpvoteBecauseIcan,1
priestjim,1
April_Fabb,1
G_Wash1776,1
BrookeWall,1
UndoingMonkey,1
cakedestroyer,1
shitposterkatakuri,1
jbt0rment,1
theathenacabin,1
weliveinas0ciety,1
ScottPress,1
TheUpToke,1
Stigge,1
DrSuperZeco,1
jbark24,1
MidnightEcho_,1
CaLLmeRaaandy,1
ezekial62,1
notorious_skig,1
APCephi,1
NarWhatGaming,1
viixvega,1
theromanempire203,1
MartianMan101,1
Fuckmeintheass4god,1
Hazzman,1
StaticSignal,1
MoronicalOx,1
FabioEGonzales,1
TTdriver,1
to_the_tenth_power,1
Pierrono,1
RecycledAids,1
Aurora_Boringealis,1
kassavfa,1
okcozy,1
chimera223,1
MonTao1224,1
StalePudding,1
VredditDownloader,1
YankYT,1
Cjbrick910,1
BibleManFan,1
Shenziwu,1
FannyH8r,1
AVinesRoots,1
RusAD,1
Nightwingvyse,1
mortal58,1
My-Chemical-Bro-Fist,1
TheWrenchiestRye,1
DawnRav3n,1
areslashmountains,1
MophieFakes,1
Colep14,1
Chupalla_Boi,1
TombLord,1
Shixma,1
RenTheRenegayde,1
selesnyandruid,1
DebtlessWalnut,1
DICK_FIEND,1
Lord_Among_Doughnuts,1
DaCulus,1
BigGayRock,1
KwadratischeAardap,1
HIVbaieti,1
Friendly_Crab,1
PinTheMaster,1
XanderSharpe,1
SadClownCircus,1
kingleir306,1
ibleedbigred,1
-politik-,1
ItsNotBinary,1
JCreazy,1
LarsSantiago,1
DrAwesome04,1
marourane,1
leftofzen,1
plainvanillawafer,1
DANISERE,1
FriendlyTimeTraveler,1
xen-chan,1
gummywrmz,1
zeroblitzt,1
tdevore,1
lasssilver,1
MKingX,1
bettorworse,1
ctwise12,1
cannonball_adderall,1
sweatyDingDong,1
Goodgoose44,1
UsefulAccount4,1
awoooogaa,1
emilyissupertired,1
ku20000,1
LikeForPositiveVibes,1
ifoundthefud,1
DogAteMyWookie,1
Greydmiyu,1
ligmah37,1
howiemandealt,1
actualbeowulf,1
Armorwing01,1
Gstary,1
phatposer,1
Lhykosidae,1
shortsleevedpants,1
Razeruct,1
AliciaEditzGacha,1
exGFproblems,1
katiecharm,1
bucknut4,1
yeahthatwasme37,1
mameyn4,1
wooglefloofum,1
zacher89,1
R3dArmy-,1
necronegs,1
sternleysacg,1
cole93747,1
MooMoooCows,1
skgody,1
sexualtyrranasaurus,1
DruidicMagic,1
IWM69,1
viceroy_2000,1
mellowmonk,1
imcream,1
Max_Power742,1
captainsellout,1
SuperCx,1
DragonWizardKing,1
MiserableScholar,1
jcvd61,1
supercharged0708,1
Feelthedosty,1
rochesterjones,1
ddwood87,1
ScrewAttackThis,1
zllxllz,1
Al3xR3ads,1
Facts_not_feelings88,1
Anaxamandrous,1
doscomputer,1
Rockonfoo,1
1sagas1,1
Reflex2011,1
meetinnovatorsadrian,1
218yearsold,1
CountChoculahh,1
stephen_spielgirth,1
hellara,1
snowkiawe,1
Rockel1117,1
Stratifyed,1
FlyByPC,1
tampabuddy,1
sebchoi1,1
Authentic_Lemon,1
selenitedelight,1
kirksucks,1
Milfkilla,1
natenedlog,1
brandimae94,1
angrybread,1
midnightbarber,1
Gh0stw0lf,1
BrohemianRhapsody,1
MrMcWild,1
First-Fantasy,1
makromark,1
everyoneisnuts,1
jethelred,1
7h3_W1z4rd,1
1WKSoul,1
charkol3,1
zsteezy,1
jkotis579,1
aiomeus,1
carefreebannon,1
hydraflora,1
Hwbob,1
disconcertinglymoist,1
DrSquidbeaks,1
Unlucky13,1
ignorr_my_typo,1
bluekronos,1
seebutdontlook,1
ChappedAssholeLover,1
Calvins_Dad_,1
Timmytimftw,1
GaeadesicGnome,1
GODDAMNFOOL,1
uwutranslator,1
DredPieRetRobHurts,1
ayavvi,1
Viktorv22,1
RandomLemon10,1
Nicky358,1
angryoldlad,1
ohmahjah,1
ragsnbones,1
Macfarts,1
ancientweird,1
ClayfrogForReddit,1
asouflub,1
chads_cuzin_kyle,1
batmanandcheryl,1
asshatnowhere,1
CosmicRaccoonCometh,1
bsbbtnh,1
PoopMobile9000,1
Toland27,1
GlasnostUSA,1
LizzyKitten,1
The_all_mighty_one,1
marianwebb,1
Dr_tuffednuts_MD,1
dbroyles,1
Scamandrioss,1
Lord0fHam,1
GreyFoxSolid,1
xereeto,1
masterChest,1
Xombieshovel,1
gramgrass,1
Sir_Earl_Jeffries,1
kid_cisco,1
Sid_00,1
FIREbeforeFORTY,1
bolesterol,1
SweetLilMonkey,1
ewalt389,1
fd4e56bc1f2d5c01653c,1
Popcan1,1
6745408,1
LawsBound,1
Greeneyed6541,1
StrictRoom,1
477-US-131-at-152,1
BenignEgoist,1
congelar,1
Haas19,1
faultywalnut,1
JesterMarcus,1
I-DrinkUrMilkShake,1
PostAboveMeSucks,1
krnpanic,1
DarthMagnus88,1
DarkLordFluffyBoots,1
ForgotPasswordAgain-,1
baumpop,1
20Factorial,1
emveetu,1
Girl_Back_There,1
devbym,1
CindellaTDS,1
AdorableCartoonist,1
redredwine4me,1
MissionPassenger,1
xanju,1
xSiNNx,1
PM-ME-YOUR-DICTA,1
EL-CUAJINAIS,1
formerly_matt,1
Lathanue,1
tigerlover9401,1
anomalous_cowherd,1
daglebagel,1
CarelessTravel8,1
MoonRise93,1
nateXruiz,1
olderbyaminute-,1
bearkaa,1
MrHankeyTheXmasPooo,1
Gothzilla13,1
TacoThot,1
meldavis99,1
PersonBehindAScreen,1
Brospective,1
imdstig,1
tantricengineer,1
dipthedoggie,1
chazzcoin,1
Blazerblaster,1
JillParrish77,1
Bbdep,1
SelesnyaFeather,1
YeahIFeelLikeDying,1
oldcreaker,1
ZKXX,1
prime_johnson,1
BlackMagic0,1
thatflyersguy90,1
Real-Barak-Obama,1
DawnSunset,1
biff64gc,1
bigdaddystyle,1
barredbeauty01,1
ninae1,1
zekabear123,1
AggressiveLook,1
veritaszak,1
jessusisabiscuit,1
wydra91,1
jyssrocks,1
rsgriss,1
Xglitter,1
saliserArt,1
moolinia,1
Byakuray,1
omac0101,1
MightyHealthy_,1
legsuptothere,1
Holygoldencowbatman,1
TriXieCat13TX,1
pissoffa,1
Ale2200_,1
TatianaAlena,1
beccaxboox,1
repos39,1
GaytlinEyers,1
engineer6582,1
goatismycopilot,1
diabman,1
lilbabybaphomet,1
ARealTrashGremlin,1
pralinecream,1
radialmonster,1
plcanonica,1
MotherFuckinEeyore,1
PrincessLysia,1
jolie178923-15423435,1
Velocilily,1
browneyesandlashes,1
gracelandcat,1
lawvas,1
isha4god87,1
highoncatnipbrownies,1
rodgerdodger17,1
Slyver08,1
sunshinedaydream774,1
Vuirneen,1
Jeanette_T,1
FeminineEnergy01,1
SamLTA,1
BeekyGardener,1
douressd,1
Game-Fiend,1
irchik611,1
Funandgeeky,1
TacoBell380,1
janetplanetzz,1
Pariah0119,1
whittywarrior,1
ScreamingCurses,1
sockalicious,1
MountaineerRaven,1
mattcaswell,1
Princess-and-the-Pea,1
mesohappybastos,1
Garathon,1
DarknessEyesPT,1
bionicfeetgrl,1
2feetfirst,1
-StanleyNickel,1
reditredit3,1
Mulcch,1
bazooka_matt,1
jvftw,1
tolndakoti,1
Nuggsupreme,1
againstmethod,1
Zeroharas,1
Inqubate,1
NeuroticTendencies,1
lemonade_sparkle,1
harshitathakral,1
ArmyOfTea,1
rtasami,1
Gandzalf,1
PGTips240,1
DrunkenNunStumbles88,1
susanz99,1
Nebfisherman1987,1
BaddestBetch,1
SecxFromIFunny,1
Lamby0796,1
lhxtx,1
Swizzle3333,1
tmchu7565,1
stromm,1
Pinner80,1
ghibli_ghirl,1
ChillFrancis,1
SadandBougie,1
jrilnohio,1
DragonDrama,1
katy_0,1
KeepinTheBalance,1
DarrenPotter,1
scottsummersson,1
cut_the_crap_,1
Bug_Hugger,1
the98thalien,1
Sephran,1
BigFatBlackCat,1
XIIIghosts,1
Gnomekicker18,1
SnatchHammer66,1
Marybearry1,1
God-of-Tomorrow,1
Alma00019,1
bluntmasta,1
Siege_37064,1
animeari,1
jeanHa,1
nomusichere,1
lyssaly,1
cappslock84,1
InNeedOfAdvice94,1
chitoryu12,1
emileo425,1
fappyday,1
SarahPallorMortis,1
sisterfunkhaus,1
ThsIsJstFrDwnvtingBS,1
lukaron,1
wdwnat,1
Andoo,1
Baconator2974,1
flguyinjax26,1
cocoagiant,1
eeo11,1
Marcems2,1
explodingwhale17,1
mapetitechoux,1
FloridaGirlNikki,1
izzgo,1
MnInBlck1981,1
digitalplanet_,1
Tortoise_of_Death,1
JanetSnakehole610,1
LilyBrutal,1
smashedpapaya,1
miladyelle,1
DontGoPokingMyHeart,1
reloadfreak,1
SucreBleu123,1
tldrjane,1
PayneGreyWolf,1
duckwizzle,1
Nonnie2411,1
WriteAsRayne,1
BornToDraw,1
G8RTOAD,1
YogaJamie,1
psychologyforzombies,1
Lorcedes,1
shybonobo,1
jebanisa,1
ollie1490,1
coolhandave,1
sectorfour,1
Barnesatron,1
bravenewsquirrel_,1
penny_feral,1
Hoosierdaddy1964,1
donegooofedit,1
bandre42,1
dragonfliesloveme,1
vazili,1
Cuca_la_loca,1
uniquegayle,1
redditwastesmyday,1
BrooklynIntrovert,1
blixt141,1
blackjazz_society,1
lucky_Lola,1
nextinlin3,1
BobQuasit,1
alltoovisceral,1
touch_of_the_blues,1
mimzzy93,1
fribby,1
stacey1771,1
BubbaTheLab,1
jackcroww,1
SquidgeSquadge,1
Hannah591,1
lucifersmother,1
rosiejames1995xx,1
KillNyetheSilenceGuy,1
Cgetsdegrees,1
tortillaslut,1
Malpheous,1
only___dar___ic,1
kebel23,1
rsoannoying,1
Naxthor,1
dedmanic,1
xdreamx,1
theginabean,1
Meems138,1
conraddog,1
Jacaranda18,1
kevin_r13,1
ImprobableLemon,1
rookhazel,1
dramforadamn,1
CAP_Helps,1
lunaflor,1
kindashort72,1
lmoana,1
PrncssPeach,1
aliennn__,1
qtVirgin,1
FutureRenaissanceMan,1
theVulture,1
SquirrelGirlVA,1
nosfellotj,1
wubfus88,1
NeverWasACloudyDay,1
tvandlaw,1
cathline,1
Deadweight05,1
HooRYoo,1
plutoniumwhisky,1
methanefromcows,1
BrokenHeartedRage,1
germaniumest,1
hardtruths2019,1
Jabberwocky613,1
Pedittle,1
mrswoolly,1
PJ-Party-Amazon,1
cphtb,1
lorrus,1
pickmeacoolname,1
jackjackj8ck,1
Jeopardyanimal,1
sponge_cat,1
nerdiotic-pervert,1
Pastaistasty,1
rizenphoenix13,1
AktivetaOgle,1
jesuschin,1
almieeve95,1
chrispack00,1
Bangbangsmashsmash,1
EM_Cosplay,1
nak_12,1
DeepSouthDude,1
sn00p3r,1
Melmacarthur,1
puppydogchicken,1
HatsAndTopcoats,1
sunflower1940,1
harbinger06,1
KGJac,1
seanbeag,1
Altostratus,1
FastPizza4U,1
srottydoesntknow,1
katz332,1
mcfarlie6996,1
impediment,1
W1nd0wPane,1
Mofupi,1
Buddy_Jarrett,1
lilginger22,1
pandolfio,1
-retaliation-,1
AtLeastOneAlias,1
ergotofrhyme,1
MaleficentAspect7,1
tullabulla1,1
miaman,1
QueenRizla,1
Max-McCoy,1
OceansOfUmbrellas,1
trouble_ann,1
FloweredViolin,1
snaxattax12,1
davos180,1
Woman_on_Pause,1
PepperFinn,1
holdmydietcoke,1
fart-atronach,1
Dynamaxion,1
capilot,1
notevenapro,1
gnsillyhack10,1
Iamthewind91,1
othercrazycatlady,1
nationalhistory1889,1
fawndering,1
Arkhenstone,1
okaybut1stcoffee,1
janesyouraunt,1
Chip_Man5674,1
Mpango87,1
Nougat,1
KABell_1950,1
eek04,1
lfa789,1
KadenKraw,1
WhySoMadBabyBoo,1
Tzuchen,1
cjbest,1
Yesnomaybluurgh,1
ratsncatsndogs,1
ItsAllFinite,1
D8tery,1
buffty,1
MiserablePersonality,1
abeazacha,1
painteddreamer,1
AMerrickanGirl,1
chill_chihuahua,1
mayaruins,1
grandmaWI,1
Hate_This_Part,1
iamfromouterspace,1
i_delete_my_history,1
disco-pandas,1
IAmBaconsaur,1
GaiasDotter,1
Sdunn1980,1
Clathrine,1
kirby726,1
CobaltAureate,1
IlovepeopleandDogs,1
bannerflugelbottom,1
dongasaurus,1
terribletyrunt,1
TheLastLeviathan7,1
Sparkleandpop,1
katheez,1
spicy-cranberry,1
fatlittletoad,1
NotEponymous,1
LordCommanderFang,1
SamsAdvice,1
BananaStandFlamer,1
Knight_Machiavelli,1
Desertbell,1
HasTwoCats,1
zeezle,1
Dusk9K,1
puregrapesoda,1
wittyrandomusername,1
OrangerySky,1
astronomie_domine,1
shuascott,1
libananahammock,1
TomRiddleVoldemort,1
252757,1
extra_username,1
go_Raptors,1
marty993,1
iamcozmoss,1
totemdreams,1
embracing_insanity,1
Vibe-rary,1
vaporhowes,1
Miserably_miserable,1
goblinseverywhere,1
Its_the_other_tj,1
32BitWhore,1
brookesb,1
littleryanking,1
anikdontpanic,1
Cryotonne,1
Giwithnoe,1
chipsnsalsa13,1
StormyDragons,1
JustAnArtist01,1
MeanEntertainer,1
ApolloRocketOfLove,1
AlilChillyPepper,1
happyguyhere,1
Blod46,1
summerwasting,1
MightyManwich,1
dogGirl666,1
shinytopcoat,1
SgtSilverLining,1
Maple63521,1
Gagirl4604,1
Reverend_Vader,1
notmyleecyrus,1
RetreadRoadRocket,1
Tchallamyking,1
keyboardbuddhist,1
Bigbootyswag,1
HKw00t,1
lilgoosegoose,1
snapplepie612,1
Calm_on_the_surface,1
okiedokieKay,1
CeilDeAlta,1
bloodflart,1
seniordaniel,1
314636,1
Paranoidexboyfriend,1
RustyGosling,1
smokedgoudes,1
YesThisIsSam,1
Okay_TUrNiToFFaNdoN,1
AccursedHalo,1
l33t_supa_h4x0r_,1
bolty1987,1
jaylepus,1
Yogi_DMT,1
ISaidThatOnPurpose,1
L8rG8rM8,1
DakarCarGunGuy,1
justalittleparanoia,1
i_sing_anyway,1
Calicat05,1
Emanresu4130,1
PizzzzzaIsLife,1
RoseMoon94,1
toastedtitties61,1
OneWizardsPlease,1
jaxeline,1
HomemadeMacAndCheese,1
pakron,1
Kaasoulless,1
Thursday_Special,1
woosterthunkit,1
livegamer999,1
radswampdaddy,1
SpoolOfYarn,1
left4alive,1
TopperHrly,1
sidharth2266,1
Spartancfos,1
satijade,1
popscockle,1
NMF_,1
SkepticBlank,1
Asianoodleman,1
FinancyMan,1
Rydog814,1
6002Dani,1
wiking85,1
RavenK92,1
xhumberx,1
PrincessPlastilina,1
styli1000,1
grachevdaniel,1
popofdawn,1
hallgrimg,1
fangirl_otaku7,1
Thermawrench,1
ATrillionLumens,1
individuation_novice,1
JDH1479,1
WillowLeaf,1
BarbecueHernandez,1
greattemerity,1
Hbfieldii01,1
uglyson,1
thephoenixofAsgard,1
donttakethesteamtray,1
bree604,1
weschester,1
amandalynne13,1
GoldenCoconutMonkey,1
jensenshackles,1
Azimuth_Co-Ordinator,1
pardon_my_maori,1
the-brunette,1
tecguy1,1
paperweight_cat,1
freethenipple23,1
chorlse,1
WestPalm83,1
sara_QQ,1
Lankybean,1
thowl9194,1
kleinesFuechschen,1
FakeGamerDoggo,1
EngineeredKing,1
GerardDG,1
Lady_Camo,1
SweekSwook,1
MrsGoggins,1
JoseSweet,1
elirashi,1
100011_10101_,1
AtomicFirehawk,1
RedQueen283,1
QuitaQuites,1
Hay-Tam,1
andreaalma15,1
gitbse,1
ooooq4,1
Skulder,1
danyonla,1
UnluckyWriting,1
Ashe_Faelsdon,1
m00fassa,1
Ferwax,1
CrystalTear,1
iamwhatsleft,1
steellotus1982,1
CaptainPasty,1
classyturtlee,1
C9752D,1
adamd22,1
asdsadfdsfadasasdf,1
DonnaTurner,1
IntrovertedCouple,1
socreativewow,1
hotgarbage524,1
oldport801,1
Ikemenakuma,1
superfapper2000,1
algernonsflorist,1
BlakePayne,1
brkk12,1
FinestShang,1
drivincryin,1
LegSimo,1
whybeanonymous12121,1
fabmarques21,1
BornAroused,1
HieiYouki,1
salt_sultan,1
I_Argue,1
justMel9877,1
appieforlife,1
playsfloors,1
Nuarmstrongjetcannon,1
nodiso,1
amcb93,1
BryannaW,1
mickaylam,1
lightningmonky,1
melondanger,1
alosar7,1
bailpy6,1
akibilko,1
forsythe_,1
Perona-,1
maprunzel,1
Upwherewebelong,1
stoutyteapot,1
Mnnuka,1
_danashcroft,1
midrekkusu,1
r3rider,1
BladeReaper88,1
fsimian,1
HaruspexLoL,1
TexasWolfyBoi,1
RadhikeshSingh,1
Slav3k1,1
intrashthing,1
Yensul,1
turnerm19,1
OhSaladYouSoFunny,1
mocha-macaron,1
Cholerajim,1
qila0910,1
ult2099,1
passwordAlive223,1
makaydo,1
whoiscjnf,1
mr_squ1dward,1
DaCookieDemon,1
SmashJJ95,1
ca_cpp,1
Ghost1401,1
turtleseattacos,1
bridgetblue69,1
schwii-chan,1
astroplainer,1
BroskiMcBroski,1
Spddracer,1
justhere4thiss,1
AnoK760,1
stepout2side,1
entangledwithinyou,1
Wanderlustskies,1
InfamousAsian007,1
mojoburquano,1
corpsegrindd,1
pizzaroll94,1
Darklightjg1,1
glitterbitchh,1
Carloscrespo55,1
Serializedrequests,1
beentheredonethat0_0,1
zrk03,1
TigOle808Bitties,1
the_enemygateisdown,1
JeffreyPetersen,1
Mazzini18,1
Garthmer,1
Riddler454,1
LovelyLegume,1
i_poop_so_much901020,1
UnknownGraves,1
Jazz_the_Goose,1
OnceAHoe,1
karma-is-awesome,1
GameofPorcelainThron,1
Standardeviation2,1
ColeEamon,1
Cha1upa_Batman,1
merrenea26,1
xjessicaeadesx,1
Dolmenoeffect,1
Mr42Watson,1
roderick213,1
LotusLizz,1
mlin1235,1
bull_bear,1
GwenRhosyn13,1
bardock888,1
rblue18,1
vpn_secured,1
PM_ME_THICC_GIRLS,1
IMKang,1
imperfectman,1
wanderingmote,1
ResoluteYeti,1
blue-velvet-bunny,1
jj8880000,1
ElectricalTime,1
Kanbaru-Fan,1
BobtheTim,1
CompanionCubeKiller,1
dben89x,1
yahtzeeman1,1
exactlylikethatt,1
Blue_Ridge_Tiger,1
ultrab1ue,1
CatfreshWilly,1
avocadoclock,1
purplepluppy,1
slotherinsaurus,1
666perkele666,1
bluurrgg,1
thatoneguyD13,1
Tearful_ta,1
Sk8trhtr,1
RadioactiveJoy,1
picklesthegoose101,1
Spoon_S2K,1
windblown_knight,1
Sebastian0320,1
Starcasm666,1
anagainis,1
idkwhateverfuckit,1
LastLeague,1
timebourne,1
autumnsnowflake_,1
willfully_hopeful,1
dezmund,1
SiscoSquared,1
Vinnie_Vegas,1
CommonMisspellingBot,1
Mareeck,1
ohemjeezus,1
transhuman4lyfe,1
sayrawr5,1
slinner_one,1
panda-pantsu,1
MaryJ25,1
imariaprime,1
boeedsott,1
rickinator9,1
LilliThePutian,1
FesteringDarkness,1
happypillows,1
Tequila_Fridaze,1
somekindaspecial,1
TitusVI,1
Senora-Tee,1
saya-blue,1
notevenitalian,1
ImmortalityMadeFlesh,1
6Bluecats,1
lifesagamegirl,1
MLVitelli,1
miqotes,1
LePouletMignon,1
OhLookARock,1
SupremeDesigner,1
brn-half-grasshopper,1
Ieatmorethanmytdee,1
73738484737383874,1
defmacro-jam,1
thesocmajor,1
Uberslice,1
douchabag_dan2,1
Belrick_NZ,1
thisisthewell,1
Even_the_Yuenglings,1
Bunnyyams,1
wildoutdoors2002,1
StrongGlutesBae,1
disastrousdater,1
Mat3rius,1
zgzy,1
moon_light25,1
Snakehips0815,1
meperdi,1
Rogue_elefant,1
cookiecrusty2009,1
TheLonelyWind,1
besplash,1
leeniquelee,1
jjwondor,1
ElectricJunction,1
TheoreticalFunk,1
WandersBetweenWorlds,1
Ne1erDoWell,1
Moose281,1
JaneAustinAstronaut,1
TheLoneDeranger23,1
sugarspice82,1
PeachyKeenest,1
Guitarrenchip,1
rematar,1
MrDeez444,1
nuclearsalt,1
ZoMbIEx23x,1
freepass305,1
anon_throwaway1992,1
SOGGYBEARTOAST,1
Pm_Full_Tits,1
1jojo9,1
ProperSmells,1
grim_melee,1
superleggera24,1
the_shakeweight,1
Lord_Archibald_IV,1
Mavsmi,1
testuser911,1
stardustertoo,1
MissCeec,1
Flashdance007,1
zue3,1
MLife91,1
Foxamen011,1
c1m9h97,1
cat_soup_,1
nohorsesallowed,1
melklemay,1
macrowe777,1
Kapitaczec,1
serbeardless,1
Usual_Astronaut,1
royalmouse1,1
Afrabuck,1
Whateverwewon52,1
navybluesoles,1
opalstranger,1
4point5billion45,1
Benis_andvageen,1
COGuy36,1
HollyGeee,1
Ryry975,1
ilikeurgirl,1
Davidjhyatt,1
_byAnyMemesNecessary,1
silhouette951,1
yipy2001,1
blitherzelle,1
SeannLoL,1
ReadBeered,1
brokegaysonic,1
PooksterPC,1
disasterfuel,1
beccathevet,1
I_Love_My_Friends,1
MundaneLibrary2,1
pbmedic925,1
lynzle,1
CFClarke7,1
ChicagoFaucet,1
Night_Writing,1
Italysfloyd,1
Stealthy-J,1
Leonitha,1
SpicyMiso5050,1
mmmcano,1
roqueofspades,1
Blue_water_dreams,1
dojurynullification,1
Drsryan,1
Thelunarprincesss,1
Spokeswoman,1
Jaralith,1
Serpent73,1
Mrwoofwoof,1
jakc121,1
IlIlIlIlIIIIllllll,1
doinmybest4now,1
Lunai5444,1
whiteypoints,1
koi691337,1
Thestereotype101,1
FaradayCageFight,1
FlashDaDog,1
oodlesofnoodls,1
eggosandnosebleeds,1
Happinessrules,1
Tastybeverageson,1
thereal_lucille,1
Klouted,1
GoldenOwl25,1
SlimTeezy,1
SugarPuffFoggybottom,1
fastest_snail_hound,1
InsecureAndImmature,1
katzluvme,1
inkblep,1
SissiWasabi,1
pikapika427,1
imhereforthepuppies,1
Novak_23,1
addocd,1
savskies,1
Powderbones,1
redcolumbine,1
justkeepswimmmmming,1
zombiemadre,1
RunAMuckGirl,1
black_dickies,1
KalebC4,1
Mother0fGeckos,1
tomowudi,1
The_Meme_Daddy,1
Luxeru,1
kamikazikyle,1
PunkAssBabyKitty,1
kittybikes47,1
seeRrolyaT,1
clover_bee,1
snarky_squirrel,1
TheMegstar,1
UnicornBooty9,1
bfroyo,1
Mamalawmaker13,1
IvaKilonova,1
PETEROW,1
EllLindsayLunaLirael,1
StairDestroyer,1
alvintf3,1
dr_sarcasm_,1
a_cute_epic_axis,1
f1veguysfries,1
KiwiForever,1
David-Rapace,1
Katiesbigsister,1
LeaveForNoRaisin,1
PictureItTree,1
Renlywinsthethrone,1
yucatan36,1
ermahgerd_username,1
dirty_penguin,1
White2000rs,1
robetyarg,1
JadaNeedsaDoggie,1
haveyouseenthisclown,1
tacobasket,1
pops992,1
MY-DICK-FELL-OFF,1
tiny164,1
cussbunny,1
Mistress-Horror,1
UdotJdot,1
TechnicalDrift,1
Dominik66669,1
philhendrie100,1
JJSCHMITTY,1
sartaingerous,1
lilranter,1
Vandechoz,1
EyeInTeeJay,1
MisterMuerto,1
Slodin,1
opinion_of_failure,1
dariadarling,1
KaosKanone,1
Iewoose,1
shgrizz2,1
ariajanecherry,1
BaileysButtercream,1
TranquilSunday,1
20hharri,1
Tsquare43,1
kochanie2013,1
Back2Bach,1
ABigMoo,1
producekween,1
pkims08,1
Silversoul-Ginsan,1
ekolapekola12,1
weatherbeknown,1
Honey_Pot77,1
AstralTarantula,1
code124,1
Moose1194,1
AssyMcFlapFlaps,1
omza,1
FlyingTwisted,1
5p33di3,1
DreamersDiseases,1
eighthourblink,1
TheRemix,1
Upsetti-Spaghetti13,1
SapientiPauken,1
ConfusedCoderHere,1
imakesubsreal,1
DeerTrivia,1
SaltKick2,1
zack51277,1
michiganvulgarian,1
donutmcownage,1
dick-nipples,1
shponglespore,1
keelykit,1
gameboyellie,1
mamajt,1
PeachFoam,1
existentialism91342,1
Fear_Jaire,1
Goyu,1
Bob_Ross_was_an_OG,1
Nevesnotrab,1
PunjabiMD1979,1
iBelieveInSpace,1
jefftak7,1
Negafox,1
SpaceEdvard,1
WitnessMeIRL,1
SteakAndNihilism,1
Linuxdirk,1
79Beaker,1
littleloomex,1
xoxoredditgirl,1
Midoriandmilk,1
Pighit,1
__mifflin,1
zazzlekdazzle,1
LucyVialli,1
AstronautGuy42,1
underlander,1
M0j0fl0j0,1
HippoBootimus,1
EpicDumps,1
Starrlett,1
Endodaworld,1
NeedleInABeetle,1
drayd38,1
MisterPotat,1
colourouu,1
RECOGNI7E,1
Lil_Broomstick_69,1
AmitBhalerao,1
Alejandro4891,1
1have2much3time,1
lukelhg,1
scirio,1
JenivereDomino,1
SexyCrimes,1
thebluewitch,1
Archduke_Penguin,1
Themonstermichael,1
MEatRHIT,1
beka13,1
mysticbooka,1
ToonamiFaith,1
PTSDinosaur,1
nugamma,1
tereddits,1
oui-cest-moi,1
DoctorDIck34,1
critsonyou,1
Warg247,1
Cosmic_R3m1x1,1
shameful_thundercunt,1
Finnick420,1
Rahvithecolorful,1
DarbyCrashLanding,1
ForTheHordeKT,1
wackawacka2,1
legenddairybard,1
Lis_9,1
Dirrrtysanchez,1
icanhaznaptime,1
egrebs,1
cassmainz,1
HasturCrowley,1
_zml_,1
BruceLee1255,1
MrMooseHorn,1
igiveyousensation,1
Dave-4544,1
azrokcrlr,1
Cat_diggety_dog,1
KelGrimm,1
brking805,1
Levema,1
dedoubs,1
ALittleNightMusing,1
PM_ME_DARK_SECRETS,1
the_vic_mik,1
FuckedupUnicorn,1
existentialepicure,1
justalittlebleh,1
commodorecliche,1
maenadery,1
rnilbog,1
found-in-a-trunk,1
in_every_sense,1
dialinga481,1
aliasisanomdeplume,1
Astro_Doughnaut,1
Miss_Minus,1
JohnDeeIsMe,1
Hydrael,1
All_The_Numbers,1
FrostyTheSasquatch,1
SpaceZombieMoe,1
ImALittleCrackpot,1
SciFidelity,1
jdapper1,1
hobbitlover,1
laterdude,1
BlackPrisim,1
OptimalPrize,1
AnnaCharie,1
thesemenarenihilists,1
altajava,1
daniedoo247,1
DCSpud,1
shweddy_bawls,1
Gnux13,1
heatseekerdj,1
icanttinkofaname,1
TitanicMan,1
jrhoffa,1
burner46,1
dnrbls,1
expletiveinyourmilk,1
ComeAbout,1
Zer_0,1
The_Ineffable_Sage,1
LegSnapper206,1
Simply92Me,1
WideEyedWand3rer,1
rim90,1
BuffelBek,1
c0mplexx,1
cosmovore,1
2boredtocare,1
thedrunkunicorn,1
IndyFoxBlue,1
plokool,1
ratchmond,1
poopellar,1
lIllIIlllIIIlllIII,1
whomp1970,1
hypo-osmotic,1
HelmSpicy,1
1halfazn,1
Amns22,1
Ruevein,1
ray12370,1
poppin_pomegranate,1
buhrandee,1
anastasis19,1
dolomiten,1
s_m_d,1
LordMindParadox,1
nathan_rieck,1
Piro42,1
pepsimaxismycity,1
halfbrow1,1
ernieb33,1
purgundyllo,1
LordSt4rki113r,1
LongPorkJones,1
WeTrippyCuz,1
TheQuiet1994,1
MarcheAldureith,1
MarioKartGuy27,1
rotttencandy,1
RRuruurrr,1
Shesnotintothistrack,1
Kuli24,1
mustardseedyellow,1
fudog,1
verymerry19,1
BoredsohereIam,1
katrina1215,1
uncertainmoth,1
hunt_the_gunt,1
therealmenox,1
elegantripostes,1
Steinrik,1
UnderApp,1
purpleberrypoptart,1
240strong,1
adultinglikewhoa,1
DamienVonDoom,1
GemJack,1
riggerbop,1
YouStartRunning,1
ThinkAllTheTime,1
l8nako,1
FormaldehydeX,1
giga_booty,1
HorseMeatSandwich,1
airhornsman,1
imsadandrad,1
fuparrante,1
Pyro2402,1
Alter_Kyouma,1
ClownfishSoup,1
BlueCrowNN,1
Flaxmoore,1
DWadeButtPlay,1
graycat3700,1
chaticray,1
xXplant_slutXx,1
lazyAlpaca-,1
Maverick8787,1
trollcitybandit,1
farfigneugan,1
GT3Touring,1
PM_ME_YOURSHOESTRING,1
kngotheporcelainthrn,1
the_pancake_drawer,1
lbnovisad,1
theknightmanager,1
PureCitrus,1
_Et0H,1
Cheetokps,1
Amazingawesomator,1
ThePhoenicianCartel,1
EdgyEdgar,1
smolspooderfriend,1
DestroyerOfWorlds831,1
terryjuicelawson,1
excusemebro,1
Seileach,1
brandon9582,1
NotABurner2000,1
alanamil,1
I_lie_on_reddit_alot,1
malevitch_square,1
TheVegetaMonologues,1
adamcim,1
dizzledizzle98,1
Dank_Side_ofthe_Moon,1
Talkin2ya,1
swinefish,1
thejynerso,1
ImmuneAsp,1
heyitsmethepebble,1
ouchitforrealburns,1
Baboobalou,1
LaurenLdfkjsndf,1
BitmexOverloader,1
on_the_nightshift,1
ownblocks,1
james1kirkley,1
DropInASea,1
tfw13579,1
Vincenth2008,1
Bells_Ringing,1
Randy_____Marsh,1
clubby37,1
bubbleheadbob2000,1
RechargedFrenchman,1
Mic_Check_One_Two,1
mapppo,1
noelle549,1
PhantomEmx,1
45MinutesOfRoadHead,1
ApatheticPhilistine,1
mypostisbad,1
geothermalantlers,1
Left-Coast-Voter,1
Hakaan256,1
relatablerobot,1
GardenWitchMom,1
blueonyx700,1
MrBarraclough,1
orthogonius,1
leiu6,1
cornm,1
ShesPinkyImTheBrain,1
sifiman,1
pound_sterling,1
HaYuFlyDisTang,1
JLAbraham,1
Flamesilver_0,1
ashortsleeves,1
sirdigbykittencaesar,1
rogue_ac,1
ProudMomma1,1
PM_Me_Unpierced_Ears,1
WhoryGilmore,1
aglaeasfather,1
no_nick,1
capnbubsy,1
Howler063,1
Vincent__Vega,1
ExtraMediumGonzo,1
EnterPlayerTwo,1
b8824b,1
DothrakAndRoll,1
dbobaunchained,1
icarusquinn,1
NegativeC00L,1
MR2FTW,1
Tinderoni_,1
lucid_scheming,1
aofnsbhdai,1
EGH6,1
zappy487,1
FudgySlippers,1
Spectre1-4,1
DublinItUp,1
Nomikos,1
chocapix,1
psychomaji,1
Fuzzy974,1
Advice4Advice,1
Wierius,1
I_Automate,1
TheScumAlsoRises,1
Lobster-fart,1
LandonAWESOME9,1
Kewl_Dad,1
35mmpistol,1
phobingnoodler,1
1niquity,1
BabaYagatron,1
nxh058,1
Ouchouchwronghole87,1
rustlerthejimmy,1
inarog,1
7StepsAheadVFX,1
Poop_killer_64,1
nymphaetamine,1
InpenXb1,1
susek1024,1
NUTTHEAD,1
stereotypicalginger,1
Farcanaussie,1
Nonster_,1
Lankey_Craig,1
amadorUSA,1
Introverted_Sphynx,1
spahettiyeti,1
Bribase,1
Mr_Insecurity,1
dnolan10,1
Not_A_Greenhouse,1
TheRealSnylog,1
fasbnk,1
EssenceOfShambhala,1
